-- phpMyAdmin SQL Dump
-- version 4.5.2
-- http://www.phpmyadmin.net
--
-- Host: localhost
-- Generation Time: Dec 12, 2016 at 08:08 AM
-- Server version: 10.1.16-MariaDB
-- PHP Version: 7.0.9

SET SQL_MODE = "NO_AUTO_VALUE_ON_ZERO";
SET time_zone = "+00:00";


/*!40101 SET @OLD_CHARACTER_SET_CLIENT=@@CHARACTER_SET_CLIENT */;
/*!40101 SET @OLD_CHARACTER_SET_RESULTS=@@CHARACTER_SET_RESULTS */;
/*!40101 SET @OLD_COLLATION_CONNECTION=@@COLLATION_CONNECTION */;
/*!40101 SET NAMES utf8mb4 */;

--
-- Database: `suchwow_analytical`
--

-- --------------------------------------------------------

--
-- Table structure for table `ActivityFact`
--

CREATE TABLE `ActivityFact` (
  `CourtKey` int(11) NOT NULL,
  `PlayerKey` int(11) NOT NULL,
  `CalendarKey` int(11) NOT NULL,
  `Duration` int(11) NOT NULL
) ENGINE=InnoDB DEFAULT CHARSET=latin1;

--
-- Dumping data for table `ActivityFact`
--

INSERT INTO `ActivityFact` (`CourtKey`, `PlayerKey`, `CalendarKey`, `Duration`) VALUES
(144, 48, 1, 1),
(27, 241, 2, 2),
(136, 141, 3, 5),
(8, 225, 4, 5),
(52, 2, 5, 3),
(114, 287, 6, 5),
(2, 96, 7, 4),
(107, 304, 8, 2),
(135, 34, 9, 4),
(54, 56, 10, 2),
(81, 177, 11, 4),
(114, 72, 12, 3),
(75, 87, 13, 5),
(35, 143, 14, 1),
(128, 131, 15, 4),
(52, 92, 16, 3),
(136, 170, 17, 5),
(131, 28, 18, 4),
(57, 88, 19, 4),
(105, 16, 20, 2),
(7, 194, 21, 2),
(53, 102, 22, 5),
(128, 285, 23, 3),
(87, 266, 24, 3),
(16, 221, 25, 5),
(91, 218, 26, 3),
(109, 89, 27, 2),
(93, 151, 28, 2),
(72, 102, 29, 5),
(68, 8, 30, 3),
(118, 106, 31, 4),
(121, 291, 32, 1),
(61, 105, 33, 5),
(10, 53, 34, 1),
(52, 81, 35, 1),
(144, 179, 36, 3),
(83, 146, 37, 3),
(58, 134, 38, 5),
(30, 40, 39, 5),
(106, 274, 40, 2),
(20, 102, 41, 3),
(49, 287, 42, 1),
(114, 38, 43, 2),
(54, 86, 44, 5),
(31, 298, 45, 5),
(123, 35, 46, 5),
(65, 243, 47, 5),
(128, 111, 48, 1),
(85, 167, 49, 3),
(92, 289, 50, 5),
(104, 38, 51, 5),
(53, 198, 52, 2),
(65, 304, 53, 2),
(8, 45, 54, 2),
(107, 215, 55, 2),
(36, 17, 56, 3),
(34, 111, 57, 5),
(113, 242, 58, 3),
(71, 142, 59, 2),
(70, 212, 60, 1),
(44, 214, 61, 3),
(89, 157, 62, 2),
(51, 274, 63, 3),
(148, 65, 64, 1),
(66, 233, 65, 2),
(69, 293, 66, 2),
(68, 69, 67, 3),
(62, 222, 68, 5),
(133, 236, 69, 2),
(29, 53, 70, 1),
(97, 114, 71, 5),
(29, 4, 72, 4),
(22, 256, 73, 3),
(85, 158, 74, 5),
(120, 118, 75, 3),
(95, 54, 76, 3),
(118, 69, 77, 3),
(124, 216, 78, 2),
(149, 104, 79, 1),
(75, 288, 80, 1),
(56, 93, 81, 4),
(81, 220, 82, 5),
(121, 293, 83, 2),
(79, 166, 84, 2),
(28, 296, 85, 4),
(114, 20, 86, 1),
(70, 33, 87, 1),
(93, 299, 88, 2),
(115, 216, 89, 3),
(104, 155, 90, 4),
(36, 12, 91, 3),
(19, 75, 92, 1),
(40, 238, 93, 1),
(85, 35, 94, 3),
(12, 66, 95, 5),
(72, 196, 96, 3),
(114, 142, 97, 1),
(2, 63, 98, 1),
(86, 285, 99, 5),
(91, 53, 100, 3),
(23, 144, 101, 1),
(18, 67, 102, 2),
(55, 106, 103, 3),
(6, 129, 104, 1),
(68, 75, 105, 4),
(128, 226, 106, 1),
(51, 123, 107, 1),
(16, 172, 108, 4),
(40, 143, 109, 5),
(143, 95, 110, 3),
(13, 300, 111, 4),
(126, 109, 112, 1),
(91, 67, 113, 3),
(108, 155, 114, 1),
(94, 246, 115, 4),
(110, 133, 116, 1),
(118, 66, 117, 4),
(127, 35, 118, 2),
(72, 206, 119, 1),
(132, 134, 120, 3),
(10, 175, 121, 4),
(56, 108, 122, 3),
(61, 215, 123, 1),
(43, 310, 124, 4),
(43, 258, 125, 3),
(72, 265, 126, 4),
(90, 226, 127, 2),
(145, 72, 128, 4),
(128, 193, 129, 5),
(36, 277, 130, 5),
(16, 245, 131, 5),
(40, 136, 132, 5),
(29, 6, 133, 4),
(138, 227, 134, 5),
(140, 151, 135, 3),
(127, 171, 136, 3),
(13, 204, 137, 5),
(80, 301, 138, 5),
(72, 199, 139, 3),
(118, 275, 140, 2),
(37, 237, 141, 3),
(63, 34, 142, 1),
(145, 307, 143, 2),
(28, 279, 144, 2),
(60, 172, 145, 5),
(38, 182, 146, 3),
(31, 2, 147, 3),
(132, 28, 148, 4),
(14, 133, 149, 1),
(86, 187, 150, 4),
(116, 257, 151, 5),
(33, 13, 152, 5),
(132, 273, 153, 5),
(7, 95, 154, 2),
(10, 212, 155, 1),
(127, 101, 156, 5),
(24, 58, 157, 3),
(71, 77, 158, 2),
(111, 163, 159, 2),
(123, 185, 160, 3),
(85, 129, 161, 2),
(125, 120, 162, 1),
(101, 302, 163, 4),
(141, 225, 164, 1),
(134, 24, 165, 3),
(146, 246, 166, 5),
(66, 213, 167, 5),
(104, 33, 168, 5),
(3, 38, 169, 5),
(64, 112, 170, 3),
(50, 283, 171, 3),
(102, 129, 172, 5),
(114, 47, 173, 1),
(65, 291, 174, 3),
(111, 94, 175, 1),
(100, 192, 176, 4),
(66, 83, 177, 3),
(33, 118, 178, 1),
(62, 230, 179, 5),
(2, 142, 180, 5),
(23, 17, 181, 1),
(64, 44, 182, 4),
(114, 234, 183, 5),
(16, 21, 184, 5),
(84, 202, 185, 5),
(142, 285, 186, 4),
(26, 225, 187, 4),
(95, 126, 188, 4),
(92, 261, 189, 5),
(24, 292, 190, 2),
(76, 106, 191, 1),
(58, 122, 192, 4),
(84, 233, 193, 3),
(124, 143, 194, 3),
(87, 157, 195, 2),
(47, 225, 196, 2),
(134, 219, 197, 5),
(91, 1, 198, 2),
(81, 60, 199, 5),
(8, 124, 200, 5),
(121, 44, 201, 9),
(147, 46, 202, 1),
(95, 185, 203, 8),
(134, 138, 204, 1),
(119, 11, 205, 5),
(113, 210, 206, 9),
(119, 257, 207, 4),
(85, 43, 208, 4),
(28, 28, 209, 8),
(75, 280, 210, 3),
(50, 126, 211, 9),
(41, 238, 212, 8),
(70, 121, 213, 6),
(88, 207, 214, 5),
(14, 74, 215, 10),
(117, 97, 216, 7),
(53, 225, 217, 8),
(84, 12, 218, 6),
(124, 149, 219, 6),
(63, 240, 220, 6),
(115, 128, 221, 6),
(16, 256, 222, 5),
(26, 17, 223, 1),
(76, 171, 224, 5),
(24, 245, 225, 9),
(92, 117, 226, 10),
(43, 268, 227, 8),
(41, 26, 228, 1),
(42, 79, 229, 4),
(34, 183, 230, 5),
(128, 254, 231, 3),
(9, 204, 232, 1),
(83, 63, 233, 8),
(136, 8, 234, 1),
(90, 34, 235, 9),
(92, 77, 236, 7),
(101, 147, 237, 3),
(11, 156, 238, 1),
(40, 193, 239, 9),
(33, 85, 240, 5),
(116, 116, 241, 7),
(106, 106, 242, 8),
(111, 250, 243, 9),
(131, 182, 244, 4),
(132, 210, 245, 3),
(29, 49, 246, 1),
(74, 24, 247, 6),
(43, 89, 248, 10),
(127, 282, 249, 1),
(5, 216, 250, 10),
(109, 230, 251, 1),
(99, 147, 252, 4),
(47, 151, 253, 10),
(5, 42, 254, 8),
(91, 200, 255, 3),
(113, 246, 256, 1),
(6, 75, 257, 10),
(1, 300, 258, 7),
(55, 132, 259, 8),
(27, 158, 260, 1),
(111, 26, 261, 7),
(12, 307, 262, 8),
(70, 254, 263, 10),
(1, 102, 264, 2),
(16, 175, 265, 1),
(105, 241, 266, 8),
(58, 42, 267, 7),
(67, 55, 268, 9),
(124, 64, 269, 7),
(99, 271, 270, 8),
(112, 257, 271, 6),
(78, 235, 272, 10),
(57, 300, 273, 4),
(134, 290, 274, 3),
(76, 5, 275, 4),
(14, 250, 276, 7),
(111, 238, 277, 6),
(123, 127, 278, 10),
(66, 147, 279, 5),
(5, 259, 280, 5),
(117, 161, 281, 1),
(108, 188, 282, 8),
(136, 168, 283, 10),
(28, 233, 284, 3),
(136, 54, 285, 6),
(60, 34, 286, 2),
(69, 292, 287, 2),
(44, 79, 288, 7),
(143, 228, 289, 4),
(105, 158, 290, 3),
(62, 226, 291, 3),
(144, 133, 292, 7),
(30, 300, 293, 4),
(1, 210, 294, 1),
(49, 229, 295, 8),
(89, 267, 296, 5),
(91, 83, 297, 8),
(30, 60, 298, 1),
(113, 55, 299, 8),
(85, 8, 300, 3),
(151, 34, 601, 4);

-- --------------------------------------------------------

--
-- Table structure for table `Calendar`
--

CREATE TABLE `Calendar` (
  `CalendarKey` int(11) NOT NULL,
  `FullDate` date NOT NULL,
  `DayofWeek` int(11) NOT NULL,
  `DayofMonth` int(11) NOT NULL,
  `Month` int(11) NOT NULL,
  `Quarter` int(11) NOT NULL,
  `Year` year(4) NOT NULL,
  `TimeofDay` time NOT NULL
) ENGINE=InnoDB DEFAULT CHARSET=latin1;

--
-- Dumping data for table `Calendar`
--

INSERT INTO `Calendar` (`CalendarKey`, `FullDate`, `DayofWeek`, `DayofMonth`, `Month`, `Quarter`, `Year`, `TimeofDay`) VALUES
(1, '2011-08-01', 2, 1, 8, 3, 2011, '22:42:33'),
(2, '1999-09-01', 4, 1, 9, 3, 1999, '08:45:25'),
(3, '2006-04-15', 7, 15, 4, 2, 2006, '05:44:35'),
(4, '2005-12-31', 7, 31, 12, 4, 2005, '20:08:31'),
(5, '2005-02-25', 6, 25, 2, 1, 2005, '07:22:44'),
(6, '1998-03-08', 1, 8, 3, 1, 1998, '17:29:30'),
(7, '2006-03-26', 1, 26, 3, 1, 2006, '09:54:36'),
(8, '2001-03-28', 4, 28, 3, 1, 2001, '19:33:12'),
(9, '1999-05-18', 3, 18, 5, 2, 1999, '06:02:31'),
(10, '2012-03-02', 6, 2, 3, 1, 2012, '00:10:49'),
(11, '1999-03-27', 7, 27, 3, 1, 1999, '05:02:09'),
(12, '2002-02-01', 6, 1, 2, 1, 2002, '11:51:40'),
(13, '2010-10-20', 4, 20, 10, 4, 2010, '07:16:40'),
(14, '2010-04-01', 5, 1, 4, 2, 2010, '07:08:52'),
(15, '2003-07-20', 1, 20, 7, 3, 2003, '02:03:30'),
(16, '2016-11-22', 3, 22, 11, 4, 2016, '06:04:35'),
(17, '2002-03-07', 5, 7, 3, 1, 2002, '04:26:42'),
(18, '2010-10-04', 2, 4, 10, 4, 2010, '01:46:39'),
(19, '2005-01-05', 4, 5, 1, 1, 2005, '11:39:51'),
(20, '2013-05-23', 5, 23, 5, 2, 2013, '14:44:04'),
(21, '2008-09-02', 3, 2, 9, 3, 2008, '19:58:15'),
(22, '2000-01-23', 1, 23, 1, 1, 2000, '20:13:50'),
(23, '1999-06-29', 3, 29, 6, 2, 1999, '09:33:08'),
(24, '2001-06-19', 3, 19, 6, 2, 2001, '14:02:00'),
(25, '2001-06-03', 1, 3, 6, 2, 2001, '18:22:47'),
(26, '2003-08-31', 1, 31, 8, 3, 2003, '08:30:30'),
(27, '2004-12-14', 3, 14, 12, 4, 2004, '15:03:35'),
(28, '2006-02-11', 7, 11, 2, 1, 2006, '17:25:28'),
(29, '1997-04-28', 2, 28, 4, 2, 1997, '23:59:07'),
(30, '2004-09-29', 4, 29, 9, 3, 2004, '00:55:28'),
(31, '1998-08-12', 4, 12, 8, 3, 1998, '11:38:52'),
(32, '2014-07-15', 3, 15, 7, 3, 2014, '14:52:36'),
(33, '2002-09-02', 2, 2, 9, 3, 2002, '03:10:15'),
(34, '2010-01-29', 6, 29, 1, 1, 2010, '09:05:35'),
(35, '2003-06-27', 6, 27, 6, 2, 2003, '11:13:16'),
(36, '2007-07-30', 2, 30, 7, 3, 2007, '04:11:29'),
(37, '2001-06-25', 2, 25, 6, 2, 2001, '21:52:06'),
(38, '2000-12-22', 6, 22, 12, 4, 2000, '05:44:22'),
(39, '2012-11-02', 6, 2, 11, 4, 2012, '06:40:41'),
(40, '2010-08-04', 4, 4, 8, 3, 2010, '19:41:27'),
(41, '2004-07-19', 2, 19, 7, 3, 2004, '22:18:44'),
(42, '2007-09-24', 2, 24, 9, 3, 2007, '09:32:02'),
(43, '2013-03-28', 5, 28, 3, 1, 2013, '05:45:19'),
(44, '2007-03-07', 4, 7, 3, 1, 2007, '02:35:53'),
(45, '2008-04-08', 3, 8, 4, 2, 2008, '19:22:05'),
(46, '1999-10-15', 6, 15, 10, 4, 1999, '03:47:51'),
(47, '2012-05-08', 3, 8, 5, 2, 2012, '09:26:22'),
(48, '2008-08-14', 5, 14, 8, 3, 2008, '02:55:23'),
(49, '2015-09-05', 7, 5, 9, 3, 2015, '12:43:42'),
(50, '2005-08-29', 2, 29, 8, 3, 2005, '11:13:11'),
(51, '1997-01-30', 5, 30, 1, 1, 1997, '06:53:57'),
(52, '2010-02-11', 5, 11, 2, 1, 2010, '14:42:40'),
(53, '1999-05-19', 4, 19, 5, 2, 1999, '03:15:56'),
(54, '2013-08-19', 2, 19, 8, 3, 2013, '12:05:02'),
(55, '2012-07-26', 5, 26, 7, 3, 2012, '06:05:01'),
(56, '2016-05-08', 1, 8, 5, 2, 2016, '04:19:35'),
(57, '2015-01-30', 6, 30, 1, 1, 2015, '11:44:13'),
(58, '2016-11-20', 1, 20, 11, 4, 2016, '13:31:05'),
(59, '2009-03-06', 6, 6, 3, 1, 2009, '08:17:33'),
(60, '2013-11-19', 3, 19, 11, 4, 2013, '05:12:17'),
(61, '2014-03-02', 1, 2, 3, 1, 2014, '11:17:10'),
(62, '2005-07-05', 3, 5, 7, 3, 2005, '06:12:20'),
(63, '2016-07-17', 1, 17, 7, 3, 2016, '13:24:21'),
(64, '2007-11-12', 2, 12, 11, 4, 2007, '03:03:08'),
(65, '1999-12-10', 6, 10, 12, 4, 1999, '16:22:38'),
(66, '2017-02-03', 6, 3, 2, 1, 2017, '23:55:14'),
(67, '2012-10-02', 3, 2, 10, 4, 2012, '13:52:03'),
(68, '1997-03-11', 3, 11, 3, 1, 1997, '01:14:26'),
(69, '2016-06-07', 3, 7, 6, 2, 2016, '16:21:30'),
(70, '2004-09-17', 6, 17, 9, 3, 2004, '05:25:13'),
(71, '2010-01-11', 2, 11, 1, 1, 2010, '00:13:40'),
(72, '2001-08-11', 7, 11, 8, 3, 2001, '13:35:25'),
(73, '2017-10-11', 4, 11, 10, 4, 2017, '15:15:04'),
(74, '2004-09-21', 3, 21, 9, 3, 2004, '00:08:13'),
(75, '2015-05-17', 1, 17, 5, 2, 2015, '03:14:03'),
(76, '2017-01-04', 4, 4, 1, 1, 2017, '15:03:24'),
(77, '2012-12-18', 3, 18, 12, 4, 2012, '21:21:51'),
(78, '2007-03-06', 3, 6, 3, 1, 2007, '22:21:01'),
(79, '2010-08-22', 1, 22, 8, 3, 2010, '17:51:12'),
(80, '2013-06-11', 3, 11, 6, 2, 2013, '10:00:35'),
(81, '2008-06-25', 4, 25, 6, 2, 2008, '04:55:40'),
(82, '1997-01-01', 4, 1, 1, 1, 1997, '17:57:21'),
(83, '2001-06-30', 7, 30, 6, 2, 2001, '15:41:08'),
(84, '2009-05-22', 6, 22, 5, 2, 2009, '17:35:38'),
(85, '2006-11-02', 5, 2, 11, 4, 2006, '01:45:52'),
(86, '2015-09-17', 5, 17, 9, 3, 2015, '23:36:57'),
(87, '2007-01-11', 5, 11, 1, 1, 2007, '15:12:00'),
(88, '2005-01-20', 5, 20, 1, 1, 2005, '14:36:31'),
(89, '2006-01-30', 2, 30, 1, 1, 2006, '23:50:14'),
(90, '2016-05-24', 3, 24, 5, 2, 2016, '11:15:53'),
(91, '2011-09-25', 1, 25, 9, 3, 2011, '18:05:02'),
(92, '2010-04-28', 4, 28, 4, 2, 2010, '14:43:51'),
(93, '2017-02-11', 7, 11, 2, 1, 2017, '13:20:54'),
(94, '2012-05-10', 5, 10, 5, 2, 2012, '04:49:17'),
(95, '2011-06-12', 1, 12, 6, 2, 2011, '15:59:34'),
(96, '2010-07-16', 6, 16, 7, 3, 2010, '03:23:48'),
(97, '2007-01-03', 4, 3, 1, 1, 2007, '00:07:25'),
(98, '2014-07-16', 4, 16, 7, 3, 2014, '23:05:31'),
(99, '2007-01-01', 2, 1, 1, 1, 2007, '01:08:35'),
(100, '2005-05-04', 4, 4, 5, 2, 2005, '12:47:16'),
(101, '2017-01-17', 3, 17, 1, 1, 2017, '14:46:31'),
(102, '2009-10-02', 6, 2, 10, 4, 2009, '07:26:08'),
(103, '2004-11-27', 7, 27, 11, 4, 2004, '17:06:02'),
(104, '2016-08-13', 7, 13, 8, 3, 2016, '22:47:35'),
(105, '2014-05-04', 1, 4, 5, 2, 2014, '13:21:52'),
(106, '2008-01-12', 7, 12, 1, 1, 2008, '16:49:03'),
(107, '2016-06-28', 3, 28, 6, 2, 2016, '13:31:21'),
(108, '2008-05-12', 2, 12, 5, 2, 2008, '09:35:55'),
(109, '1999-10-28', 5, 28, 10, 4, 1999, '08:33:00'),
(110, '2007-06-07', 5, 7, 6, 2, 2007, '09:15:16'),
(111, '2000-10-08', 1, 8, 10, 4, 2000, '00:20:53'),
(112, '2001-12-11', 3, 11, 12, 4, 2001, '01:36:06'),
(113, '2015-08-02', 1, 2, 8, 3, 2015, '22:50:18'),
(114, '2006-04-15', 7, 15, 4, 2, 2006, '23:46:20'),
(115, '2016-09-13', 3, 13, 9, 3, 2016, '23:14:57'),
(116, '1997-05-31', 7, 31, 5, 2, 1997, '16:24:32'),
(117, '2016-07-01', 6, 1, 7, 3, 2016, '15:45:54'),
(118, '2014-07-03', 5, 3, 7, 3, 2014, '00:52:27'),
(119, '1998-03-24', 3, 24, 3, 1, 1998, '23:30:49'),
(120, '2008-12-15', 2, 15, 12, 4, 2008, '19:13:06'),
(121, '2004-09-05', 1, 5, 9, 3, 2004, '01:20:39'),
(122, '2009-07-23', 5, 23, 7, 3, 2009, '06:13:15'),
(123, '2017-04-26', 4, 26, 4, 2, 2017, '19:25:57'),
(124, '2011-01-02', 1, 2, 1, 1, 2011, '13:58:06'),
(125, '2011-01-25', 3, 25, 1, 1, 2011, '02:42:19'),
(126, '1997-12-05', 6, 5, 12, 4, 1997, '10:51:59'),
(127, '1997-05-06', 3, 6, 5, 2, 1997, '15:33:43'),
(128, '2015-11-02', 2, 2, 11, 4, 2015, '17:58:47'),
(129, '2010-02-24', 4, 24, 2, 1, 2010, '02:51:33'),
(130, '2008-03-11', 3, 11, 3, 1, 2008, '09:14:00'),
(131, '2013-12-17', 3, 17, 12, 4, 2013, '07:18:06'),
(132, '2013-08-06', 3, 6, 8, 3, 2013, '21:13:12'),
(133, '2012-06-02', 7, 2, 6, 2, 2012, '19:10:19'),
(134, '2005-02-21', 2, 21, 2, 1, 2005, '14:14:16'),
(135, '1996-11-28', 5, 28, 11, 4, 1996, '04:42:16'),
(136, '2002-07-11', 5, 11, 7, 3, 2002, '19:59:43'),
(137, '2017-01-24', 3, 24, 1, 1, 2017, '12:40:52'),
(138, '2017-10-13', 6, 13, 10, 4, 2017, '03:38:12'),
(139, '2014-03-31', 2, 31, 3, 1, 2014, '06:48:39'),
(140, '2002-06-26', 4, 26, 6, 2, 2002, '06:29:51'),
(141, '2002-04-09', 3, 9, 4, 2, 2002, '19:06:44'),
(142, '2004-07-09', 6, 9, 7, 3, 2004, '07:17:13'),
(143, '2008-06-26', 5, 26, 6, 2, 2008, '14:05:51'),
(144, '2005-09-28', 4, 28, 9, 3, 2005, '20:36:36'),
(145, '1999-07-09', 6, 9, 7, 3, 1999, '05:07:13'),
(146, '2004-10-15', 6, 15, 10, 4, 2004, '17:49:40'),
(147, '2000-07-26', 4, 26, 7, 3, 2000, '11:36:50'),
(148, '1997-02-14', 6, 14, 2, 1, 1997, '19:44:39'),
(149, '2016-07-12', 3, 12, 7, 3, 2016, '16:57:29'),
(150, '2014-07-06', 1, 6, 7, 3, 2014, '17:29:51'),
(151, '2016-05-25', 4, 25, 5, 2, 2016, '11:18:07'),
(152, '2016-07-25', 2, 25, 7, 3, 2016, '14:29:52'),
(153, '2010-12-26', 1, 26, 12, 4, 2010, '09:34:17'),
(154, '2013-08-01', 5, 1, 8, 3, 2013, '11:55:47'),
(155, '2003-09-29', 2, 29, 9, 3, 2003, '23:01:35'),
(156, '2001-05-03', 5, 3, 5, 2, 2001, '21:15:33'),
(157, '2008-11-10', 2, 10, 11, 4, 2008, '23:42:54'),
(158, '2014-05-21', 4, 21, 5, 2, 2014, '04:11:12'),
(159, '2010-02-04', 5, 4, 2, 1, 2010, '10:12:36'),
(160, '2015-01-13', 3, 13, 1, 1, 2015, '10:20:47'),
(161, '2012-10-02', 3, 2, 10, 4, 2012, '12:11:22'),
(162, '2015-07-31', 6, 31, 7, 3, 2015, '22:37:13'),
(163, '2007-06-01', 6, 1, 6, 2, 2007, '13:25:57'),
(164, '2007-11-17', 7, 17, 11, 4, 2007, '22:48:38'),
(165, '2010-04-05', 2, 5, 4, 2, 2010, '08:20:04'),
(166, '2008-02-21', 5, 21, 2, 1, 2008, '00:21:43'),
(167, '2012-09-08', 7, 8, 9, 3, 2012, '02:32:15'),
(168, '1999-04-09', 6, 9, 4, 2, 1999, '01:01:42'),
(169, '2010-06-04', 6, 4, 6, 2, 2010, '02:33:45'),
(170, '2014-01-25', 7, 25, 1, 1, 2014, '07:48:28'),
(171, '2008-05-30', 6, 30, 5, 2, 2008, '04:05:37'),
(172, '2002-02-10', 1, 10, 2, 1, 2002, '23:22:53'),
(173, '2014-11-20', 5, 20, 11, 4, 2014, '22:03:22'),
(174, '2016-12-24', 7, 24, 12, 4, 2016, '12:05:36'),
(175, '2005-03-18', 6, 18, 3, 1, 2005, '09:33:57'),
(176, '2007-12-13', 5, 13, 12, 4, 2007, '23:35:59'),
(177, '2001-12-25', 3, 25, 12, 4, 2001, '00:56:17'),
(178, '2005-09-24', 7, 24, 9, 3, 2005, '09:46:04'),
(179, '1996-11-23', 7, 23, 11, 4, 1996, '22:07:51'),
(180, '2003-08-06', 4, 6, 8, 3, 2003, '12:32:27'),
(181, '2004-10-28', 5, 28, 10, 4, 2004, '09:31:33'),
(182, '2006-04-20', 5, 20, 4, 2, 2006, '21:57:00'),
(183, '2005-10-21', 6, 21, 10, 4, 2005, '21:59:14'),
(184, '2010-08-12', 5, 12, 8, 3, 2010, '13:32:36'),
(185, '2002-07-13', 7, 13, 7, 3, 2002, '15:32:09'),
(186, '2015-01-06', 3, 6, 1, 1, 2015, '09:47:58'),
(187, '2001-07-19', 5, 19, 7, 3, 2001, '23:14:44'),
(188, '2016-07-18', 2, 18, 7, 3, 2016, '04:28:30'),
(189, '2005-01-29', 7, 29, 1, 1, 2005, '02:52:08'),
(190, '2008-08-31', 1, 31, 8, 3, 2008, '14:17:58'),
(191, '2013-04-06', 7, 6, 4, 2, 2013, '16:47:59'),
(192, '2012-11-05', 2, 5, 11, 4, 2012, '04:02:45'),
(193, '2006-03-14', 3, 14, 3, 1, 2006, '22:59:09'),
(194, '2014-04-23', 4, 23, 4, 2, 2014, '20:51:59'),
(195, '2006-01-17', 3, 17, 1, 1, 2006, '12:57:58'),
(196, '2015-10-26', 2, 26, 10, 4, 2015, '12:12:19'),
(197, '2004-02-12', 5, 12, 2, 1, 2004, '22:24:41'),
(198, '2008-07-30', 4, 30, 7, 3, 2008, '18:11:10'),
(199, '2003-02-06', 5, 6, 2, 1, 2003, '01:19:50'),
(200, '2016-05-21', 7, 21, 5, 2, 2016, '03:34:53'),
(201, '2016-04-26', 3, 26, 4, 2, 2016, '01:06:28'),
(202, '2017-06-27', 3, 27, 6, 2, 2017, '15:05:00'),
(203, '2017-09-26', 3, 26, 9, 3, 2017, '18:25:56'),
(204, '2017-10-03', 3, 3, 10, 4, 2017, '10:38:59'),
(205, '2015-11-22', 1, 22, 11, 4, 2015, '17:35:27'),
(206, '2016-03-06', 1, 6, 3, 1, 2016, '02:48:54'),
(207, '2017-08-07', 2, 7, 8, 3, 2017, '06:15:50'),
(208, '2016-04-21', 5, 21, 4, 2, 2016, '06:21:39'),
(209, '2016-04-20', 4, 20, 4, 2, 2016, '21:46:36'),
(210, '2017-02-05', 1, 5, 2, 1, 2017, '01:39:48'),
(211, '2017-04-08', 7, 8, 4, 2, 2017, '21:56:15'),
(212, '2015-12-15', 3, 15, 12, 4, 2015, '14:10:24'),
(213, '2017-10-09', 2, 9, 10, 4, 2017, '17:51:21'),
(214, '2017-10-15', 1, 15, 10, 4, 2017, '18:26:24'),
(215, '2016-01-26', 3, 26, 1, 1, 2016, '23:30:30'),
(216, '2017-10-28', 7, 28, 10, 4, 2017, '20:33:10'),
(217, '2017-09-28', 5, 28, 9, 3, 2017, '17:07:06'),
(218, '2016-09-13', 3, 13, 9, 3, 2016, '10:12:45'),
(219, '2016-11-05', 7, 5, 11, 4, 2016, '02:34:29'),
(220, '2017-05-03', 4, 3, 5, 2, 2017, '10:34:01'),
(221, '2016-12-17', 7, 17, 12, 4, 2016, '02:55:40'),
(222, '2016-09-20', 3, 20, 9, 3, 2016, '20:18:39'),
(223, '2017-01-26', 5, 26, 1, 1, 2017, '00:35:14'),
(224, '2016-04-26', 3, 26, 4, 2, 2016, '06:11:39'),
(225, '2017-04-02', 1, 2, 4, 2, 2017, '09:21:14'),
(226, '2017-05-24', 4, 24, 5, 2, 2017, '20:51:02'),
(227, '2017-02-11', 7, 11, 2, 1, 2017, '14:14:07'),
(228, '2016-02-02', 3, 2, 2, 1, 2016, '15:35:39'),
(229, '2015-12-20', 1, 20, 12, 4, 2015, '23:46:13'),
(230, '2016-12-20', 3, 20, 12, 4, 2016, '06:55:28'),
(231, '2016-10-25', 3, 25, 10, 4, 2016, '00:42:57'),
(232, '2017-04-06', 5, 6, 4, 2, 2017, '12:49:26'),
(233, '2017-08-08', 3, 8, 8, 3, 2017, '00:31:27'),
(234, '2016-05-05', 5, 5, 5, 2, 2016, '12:47:39'),
(235, '2016-09-04', 1, 4, 9, 3, 2016, '10:43:06'),
(236, '2017-06-06', 3, 6, 6, 2, 2017, '22:14:57'),
(237, '2017-09-03', 1, 3, 9, 3, 2017, '15:31:07'),
(238, '2016-10-08', 7, 8, 10, 4, 2016, '20:05:38'),
(239, '2017-09-24', 1, 24, 9, 3, 2017, '01:53:07'),
(240, '2016-10-10', 2, 10, 10, 4, 2016, '07:49:45'),
(241, '2016-06-22', 4, 22, 6, 2, 2016, '02:27:42'),
(242, '2016-09-18', 1, 18, 9, 3, 2016, '23:23:36'),
(243, '2017-01-26', 5, 26, 1, 1, 2017, '21:35:26'),
(244, '2017-09-10', 1, 10, 9, 3, 2017, '21:33:48'),
(245, '2017-01-24', 3, 24, 1, 1, 2017, '07:57:40'),
(246, '2015-11-16', 2, 16, 11, 4, 2015, '06:20:05'),
(247, '2016-04-28', 5, 28, 4, 2, 2016, '09:57:20'),
(248, '2017-02-01', 4, 1, 2, 1, 2017, '14:17:17'),
(249, '2016-06-12', 1, 12, 6, 2, 2016, '10:06:49'),
(250, '2016-05-31', 3, 31, 5, 2, 2016, '04:43:19'),
(251, '2016-12-13', 3, 13, 12, 4, 2016, '00:43:48'),
(252, '2016-05-11', 4, 11, 5, 2, 2016, '08:59:44'),
(253, '2016-07-05', 3, 5, 7, 3, 2016, '13:44:20'),
(254, '2016-05-23', 2, 23, 5, 2, 2016, '01:55:56'),
(255, '2016-06-01', 4, 1, 6, 2, 2016, '02:10:12'),
(256, '2017-04-18', 3, 18, 4, 2, 2017, '10:41:35'),
(257, '2017-02-23', 5, 23, 2, 1, 2017, '17:24:41'),
(258, '2017-04-29', 7, 29, 4, 2, 2017, '19:32:51'),
(259, '2016-07-29', 6, 29, 7, 3, 2016, '01:21:33'),
(260, '2016-08-08', 2, 8, 8, 3, 2016, '19:25:21'),
(261, '2016-09-07', 4, 7, 9, 3, 2016, '22:29:12'),
(262, '2015-12-09', 4, 9, 12, 4, 2015, '10:48:28'),
(263, '2015-11-06', 6, 6, 11, 4, 2015, '20:22:54'),
(264, '2016-12-20', 3, 20, 12, 4, 2016, '07:33:51'),
(265, '2017-05-22', 2, 22, 5, 2, 2017, '05:25:30'),
(266, '2016-09-06', 3, 6, 9, 3, 2016, '03:12:00'),
(267, '2017-01-31', 3, 31, 1, 1, 2017, '06:48:12'),
(268, '2016-09-09', 6, 9, 9, 3, 2016, '00:50:53'),
(269, '2016-10-19', 4, 19, 10, 4, 2016, '11:59:49'),
(270, '2016-11-03', 5, 3, 11, 4, 2016, '22:44:01'),
(271, '2015-12-25', 6, 25, 12, 4, 2015, '17:54:27'),
(272, '2016-10-25', 3, 25, 10, 4, 2016, '23:02:04'),
(273, '2017-06-16', 6, 16, 6, 2, 2017, '01:21:05'),
(274, '2016-02-10', 4, 10, 2, 1, 2016, '11:28:08'),
(275, '2016-09-10', 7, 10, 9, 3, 2016, '07:05:12'),
(276, '2016-07-02', 7, 2, 7, 3, 2016, '19:42:05'),
(277, '2017-04-05', 4, 5, 4, 2, 2017, '23:41:39'),
(278, '2016-04-21', 5, 21, 4, 2, 2016, '07:50:45'),
(279, '2016-08-02', 3, 2, 8, 3, 2016, '17:43:24'),
(280, '2015-11-11', 4, 11, 11, 4, 2015, '08:49:04'),
(281, '2016-05-12', 5, 12, 5, 2, 2016, '20:10:13'),
(282, '2017-08-31', 5, 31, 8, 3, 2017, '22:48:50'),
(283, '2017-02-26', 1, 26, 2, 1, 2017, '04:13:23'),
(284, '2017-06-22', 5, 22, 6, 2, 2017, '03:39:51'),
(285, '2015-12-13', 1, 13, 12, 4, 2015, '18:26:30'),
(286, '2017-03-22', 4, 22, 3, 1, 2017, '12:18:36'),
(287, '2016-05-14', 7, 14, 5, 2, 2016, '19:44:38'),
(288, '2017-07-02', 1, 2, 7, 3, 2017, '11:35:51'),
(289, '2017-06-24', 7, 24, 6, 2, 2017, '20:46:36'),
(290, '2016-12-03', 7, 3, 12, 4, 2016, '14:00:29'),
(291, '2016-05-11', 4, 11, 5, 2, 2016, '18:02:58'),
(292, '2015-12-24', 5, 24, 12, 4, 2015, '21:26:55'),
(293, '2017-07-25', 3, 25, 7, 3, 2017, '02:45:27'),
(294, '2016-05-15', 1, 15, 5, 2, 2016, '16:22:05'),
(295, '2017-03-11', 7, 11, 3, 1, 2017, '03:27:01'),
(296, '2017-03-24', 6, 24, 3, 1, 2017, '19:12:29'),
(297, '2017-09-19', 3, 19, 9, 3, 2017, '00:02:06'),
(298, '2017-05-11', 5, 11, 5, 2, 2017, '16:50:48'),
(299, '2017-09-07', 5, 7, 9, 3, 2017, '20:03:27'),
(300, '2016-03-15', 3, 15, 3, 1, 2016, '22:32:48'),
(301, '2001-04-23', 2, 23, 4, 2, 2001, '11:27:23'),
(302, '2005-11-19', 7, 19, 11, 4, 2005, '16:26:27'),
(303, '1998-06-01', 2, 1, 6, 2, 1998, '09:52:38'),
(304, '2004-02-17', 3, 17, 2, 1, 2004, '10:10:25'),
(305, '2017-03-30', 5, 30, 3, 1, 2017, '13:13:57'),
(306, '2014-09-14', 1, 14, 9, 3, 2014, '18:01:53'),
(307, '1997-08-28', 5, 28, 8, 3, 1997, '21:28:48'),
(308, '1997-03-29', 7, 29, 3, 1, 1997, '17:03:44'),
(309, '2017-07-27', 5, 27, 7, 3, 2017, '18:33:06'),
(310, '2007-01-04', 5, 4, 1, 1, 2007, '15:10:37'),
(311, '2002-02-24', 1, 24, 2, 1, 2002, '05:04:18'),
(312, '1999-01-07', 5, 7, 1, 1, 1999, '09:05:17'),
(313, '2000-04-16', 1, 16, 4, 2, 2000, '00:23:05'),
(314, '1999-12-19', 1, 19, 12, 4, 1999, '13:02:48'),
(315, '2015-10-09', 6, 9, 10, 4, 2015, '01:06:42'),
(316, '2010-10-30', 7, 30, 10, 4, 2010, '02:20:06'),
(317, '2008-10-10', 6, 10, 10, 4, 2008, '16:31:34'),
(318, '2007-07-23', 2, 23, 7, 3, 2007, '10:17:31'),
(319, '2002-12-10', 3, 10, 12, 4, 2002, '03:04:38'),
(320, '2012-04-08', 1, 8, 4, 2, 2012, '09:42:28'),
(321, '2011-04-12', 3, 12, 4, 2, 2011, '19:52:51'),
(322, '1999-12-07', 3, 7, 12, 4, 1999, '16:30:59'),
(323, '2005-05-22', 1, 22, 5, 2, 2005, '15:35:36'),
(324, '1997-11-02', 1, 2, 11, 4, 1997, '12:55:53'),
(325, '2013-02-23', 7, 23, 2, 1, 2013, '07:05:29'),
(326, '2005-06-21', 3, 21, 6, 2, 2005, '03:07:15'),
(327, '2008-07-10', 5, 10, 7, 3, 2008, '06:28:35'),
(328, '2012-01-29', 1, 29, 1, 1, 2012, '09:01:48'),
(329, '2010-12-05', 1, 5, 12, 4, 2010, '04:07:17'),
(330, '2004-12-20', 2, 20, 12, 4, 2004, '21:58:19'),
(331, '2013-08-20', 3, 20, 8, 3, 2013, '14:40:09'),
(332, '2013-08-10', 7, 10, 8, 3, 2013, '12:02:16'),
(333, '2007-04-25', 4, 25, 4, 2, 2007, '21:02:22'),
(334, '2006-02-11', 7, 11, 2, 1, 2006, '11:04:36'),
(335, '2000-07-26', 4, 26, 7, 3, 2000, '20:57:27'),
(336, '2000-01-24', 2, 24, 1, 1, 2000, '20:35:31'),
(337, '2003-09-15', 2, 15, 9, 3, 2003, '09:02:05'),
(338, '2001-11-01', 5, 1, 11, 4, 2001, '05:08:21'),
(339, '2014-12-18', 5, 18, 12, 4, 2014, '11:42:09'),
(340, '2009-06-07', 1, 7, 6, 2, 2009, '04:49:28'),
(341, '2014-03-30', 1, 30, 3, 1, 2014, '04:29:28'),
(342, '2005-06-21', 3, 21, 6, 2, 2005, '10:56:24'),
(343, '2005-10-11', 3, 11, 10, 4, 2005, '01:51:38'),
(344, '2013-01-08', 3, 8, 1, 1, 2013, '10:30:39'),
(345, '2012-10-18', 5, 18, 10, 4, 2012, '18:56:50'),
(346, '2007-08-15', 4, 15, 8, 3, 2007, '08:25:27'),
(347, '2008-02-28', 5, 28, 2, 1, 2008, '04:53:10'),
(348, '1997-10-31', 6, 31, 10, 4, 1997, '09:41:47'),
(349, '2003-10-29', 4, 29, 10, 4, 2003, '11:27:35'),
(350, '1997-05-05', 2, 5, 5, 2, 1997, '22:40:34'),
(351, '2005-05-15', 1, 15, 5, 2, 2005, '11:55:25'),
(352, '1997-05-06', 3, 6, 5, 2, 1997, '22:02:45'),
(353, '1999-07-08', 5, 8, 7, 3, 1999, '20:42:31'),
(354, '2011-12-07', 4, 7, 12, 4, 2011, '14:37:14'),
(355, '2005-01-31', 2, 31, 1, 1, 2005, '10:46:27'),
(356, '2002-08-04', 1, 4, 8, 3, 2002, '19:09:39'),
(357, '2001-11-28', 4, 28, 11, 4, 2001, '09:01:09'),
(358, '2014-05-03', 7, 3, 5, 2, 2014, '09:13:33'),
(359, '2004-06-18', 6, 18, 6, 2, 2004, '15:06:30'),
(360, '2015-03-26', 5, 26, 3, 1, 2015, '22:43:44'),
(361, '2010-04-16', 6, 16, 4, 2, 2010, '15:26:17'),
(362, '2008-05-04', 1, 4, 5, 2, 2008, '20:47:00'),
(363, '2000-02-04', 6, 4, 2, 1, 2000, '12:38:31'),
(364, '2001-07-05', 5, 5, 7, 3, 2001, '04:36:29'),
(365, '2003-01-18', 7, 18, 1, 1, 2003, '20:18:41'),
(366, '2012-11-03', 7, 3, 11, 4, 2012, '14:55:19'),
(367, '2014-05-02', 6, 2, 5, 2, 2014, '14:34:02'),
(368, '2015-09-27', 1, 27, 9, 3, 2015, '01:49:49'),
(369, '1997-04-11', 6, 11, 4, 2, 1997, '09:33:54'),
(370, '2014-10-11', 7, 11, 10, 4, 2014, '22:41:56'),
(371, '2015-12-10', 5, 10, 12, 4, 2015, '12:41:27'),
(372, '2001-02-27', 3, 27, 2, 1, 2001, '02:26:15'),
(373, '2007-04-23', 2, 23, 4, 2, 2007, '09:51:11'),
(374, '2006-09-14', 5, 14, 9, 3, 2006, '07:57:48'),
(375, '2003-10-20', 2, 20, 10, 4, 2003, '15:52:48'),
(376, '2009-05-18', 2, 18, 5, 2, 2009, '03:52:21'),
(377, '1999-07-03', 7, 3, 7, 3, 1999, '04:02:51'),
(378, '2001-11-27', 3, 27, 11, 4, 2001, '08:53:37'),
(379, '2004-03-24', 4, 24, 3, 1, 2004, '22:28:14'),
(380, '2002-02-28', 5, 28, 2, 1, 2002, '06:42:13'),
(381, '2001-08-14', 3, 14, 8, 3, 2001, '23:58:17'),
(382, '2015-12-01', 3, 1, 12, 4, 2015, '02:46:51'),
(383, '1999-05-10', 2, 10, 5, 2, 1999, '19:06:02'),
(384, '2005-08-10', 4, 10, 8, 3, 2005, '14:14:47'),
(385, '2001-04-08', 1, 8, 4, 2, 2001, '11:23:55'),
(386, '2009-10-18', 1, 18, 10, 4, 2009, '16:10:06'),
(387, '2016-08-08', 2, 8, 8, 3, 2016, '11:41:09'),
(388, '2002-07-14', 1, 14, 7, 3, 2002, '01:52:09'),
(389, '2002-09-08', 1, 8, 9, 3, 2002, '19:44:42'),
(390, '2005-10-11', 3, 11, 10, 4, 2005, '22:32:18'),
(391, '2006-11-20', 2, 20, 11, 4, 2006, '18:39:23'),
(392, '2000-07-28', 6, 28, 7, 3, 2000, '15:53:40'),
(393, '2007-04-19', 5, 19, 4, 2, 2007, '12:45:45'),
(394, '1999-09-25', 7, 25, 9, 3, 1999, '17:33:46'),
(395, '2003-10-02', 5, 2, 10, 4, 2003, '19:32:26'),
(396, '2007-05-31', 5, 31, 5, 2, 2007, '13:18:47'),
(397, '2013-03-01', 6, 1, 3, 1, 2013, '08:39:44'),
(398, '2013-09-16', 2, 16, 9, 3, 2013, '07:36:29'),
(399, '2008-12-10', 4, 10, 12, 4, 2008, '02:13:24'),
(400, '2006-01-20', 6, 20, 1, 1, 2006, '17:49:17'),
(401, '2014-05-24', 7, 24, 5, 2, 2014, '16:30:05'),
(402, '2003-07-20', 1, 20, 7, 3, 2003, '00:59:24'),
(403, '2000-02-18', 6, 18, 2, 1, 2000, '07:13:40'),
(404, '2015-09-30', 4, 30, 9, 3, 2015, '16:00:03'),
(405, '2008-06-20', 6, 20, 6, 2, 2008, '15:20:02'),
(406, '2009-03-22', 1, 22, 3, 1, 2009, '18:34:28'),
(407, '2005-04-13', 4, 13, 4, 2, 2005, '08:11:06'),
(408, '2004-01-30', 6, 30, 1, 1, 2004, '19:44:14'),
(409, '2010-03-29', 2, 29, 3, 1, 2010, '19:47:41'),
(410, '2012-07-28', 7, 28, 7, 3, 2012, '03:28:39'),
(411, '2003-06-23', 2, 23, 6, 2, 2003, '19:51:45'),
(412, '2001-06-22', 6, 22, 6, 2, 2001, '09:30:11'),
(413, '1999-05-07', 6, 7, 5, 2, 1999, '08:10:16'),
(414, '2016-03-20', 1, 20, 3, 1, 2016, '14:59:53'),
(415, '2013-06-05', 4, 5, 6, 2, 2013, '22:32:29'),
(416, '2005-05-18', 4, 18, 5, 2, 2005, '17:07:38'),
(417, '2003-06-04', 4, 4, 6, 2, 2003, '05:25:10'),
(418, '2014-06-02', 2, 2, 6, 2, 2014, '07:00:39'),
(419, '2003-06-09', 2, 9, 6, 2, 2003, '11:31:56'),
(420, '2010-06-05', 7, 5, 6, 2, 2010, '08:33:52'),
(421, '2003-05-02', 6, 2, 5, 2, 2003, '02:44:41'),
(422, '2013-09-13', 6, 13, 9, 3, 2013, '18:35:02'),
(423, '2014-09-26', 6, 26, 9, 3, 2014, '22:57:43'),
(424, '2013-08-03', 7, 3, 8, 3, 2013, '14:03:42'),
(425, '2013-05-24', 6, 24, 5, 2, 2013, '22:58:56'),
(426, '2004-07-08', 5, 8, 7, 3, 2004, '05:08:20'),
(427, '1997-10-03', 6, 3, 10, 4, 1997, '05:23:33'),
(428, '2013-01-02', 4, 2, 1, 1, 2013, '18:35:38'),
(429, '1998-03-28', 7, 28, 3, 1, 1998, '00:08:17'),
(430, '2013-07-01', 2, 1, 7, 3, 2013, '06:05:27'),
(431, '2017-09-19', 3, 19, 9, 3, 2017, '20:16:50'),
(432, '2017-10-26', 5, 26, 10, 4, 2017, '10:23:05'),
(433, '2000-12-14', 5, 14, 12, 4, 2000, '07:04:10'),
(434, '1996-11-11', 2, 11, 11, 4, 1996, '03:18:35'),
(435, '2006-12-07', 5, 7, 12, 4, 2006, '01:31:44'),
(436, '1998-02-04', 4, 4, 2, 1, 1998, '22:13:06'),
(437, '2009-09-08', 3, 8, 9, 3, 2009, '09:33:44'),
(438, '2017-06-17', 7, 17, 6, 2, 2017, '16:13:22'),
(439, '2008-07-21', 2, 21, 7, 3, 2008, '03:51:36'),
(440, '1997-02-22', 7, 22, 2, 1, 1997, '18:46:28'),
(441, '1998-12-22', 3, 22, 12, 4, 1998, '11:13:38'),
(442, '2014-10-05', 1, 5, 10, 4, 2014, '02:57:46'),
(443, '2015-06-03', 4, 3, 6, 2, 2015, '04:39:37'),
(444, '2008-05-07', 4, 7, 5, 2, 2008, '14:03:17'),
(445, '2014-02-11', 3, 11, 2, 1, 2014, '02:38:02'),
(446, '2001-02-18', 1, 18, 2, 1, 2001, '16:00:25'),
(447, '2006-10-19', 5, 19, 10, 4, 2006, '05:07:16'),
(448, '2016-06-08', 4, 8, 6, 2, 2016, '02:23:08'),
(449, '2009-04-18', 7, 18, 4, 2, 2009, '15:13:02'),
(450, '1998-04-25', 7, 25, 4, 2, 1998, '05:05:54'),
(451, '2016-05-03', 3, 3, 5, 2, 2016, '00:34:21'),
(452, '2013-08-17', 7, 17, 8, 3, 2013, '05:02:55'),
(453, '2005-04-02', 7, 2, 4, 2, 2005, '18:40:20'),
(454, '2017-10-02', 2, 2, 10, 4, 2017, '20:38:44'),
(455, '2005-08-27', 7, 27, 8, 3, 2005, '13:32:25'),
(456, '1997-03-28', 6, 28, 3, 1, 1997, '13:14:07'),
(457, '1998-10-09', 6, 9, 10, 4, 1998, '05:16:50'),
(458, '2011-06-02', 5, 2, 6, 2, 2011, '11:12:51'),
(459, '1997-01-02', 5, 2, 1, 1, 1997, '23:32:12'),
(460, '1999-12-20', 2, 20, 12, 4, 1999, '14:02:50'),
(461, '2016-05-24', 3, 24, 5, 2, 2016, '23:47:58'),
(462, '2010-02-23', 3, 23, 2, 1, 2010, '16:50:22'),
(463, '2013-02-17', 1, 17, 2, 1, 2013, '05:48:24'),
(464, '2016-04-07', 5, 7, 4, 2, 2016, '08:50:50'),
(465, '2010-12-04', 7, 4, 12, 4, 2010, '09:04:34'),
(466, '2014-04-03', 5, 3, 4, 2, 2014, '11:27:31'),
(467, '2015-05-14', 5, 14, 5, 2, 2015, '13:51:46'),
(468, '2006-07-20', 5, 20, 7, 3, 2006, '04:21:20'),
(469, '2002-07-31', 4, 31, 7, 3, 2002, '19:32:24'),
(470, '2006-02-27', 2, 27, 2, 1, 2006, '16:07:04'),
(471, '2015-01-09', 6, 9, 1, 1, 2015, '22:48:54'),
(472, '2012-11-10', 7, 10, 11, 4, 2012, '11:32:05'),
(473, '2006-09-21', 5, 21, 9, 3, 2006, '04:57:30'),
(474, '2014-01-08', 4, 8, 1, 1, 2014, '20:47:18'),
(475, '2015-05-21', 5, 21, 5, 2, 2015, '13:50:32'),
(476, '2000-02-21', 2, 21, 2, 1, 2000, '17:15:09'),
(477, '2010-05-06', 5, 6, 5, 2, 2010, '02:44:48'),
(478, '2007-03-26', 2, 26, 3, 1, 2007, '06:48:08'),
(479, '2013-07-29', 2, 29, 7, 3, 2013, '09:30:01'),
(480, '2016-05-18', 4, 18, 5, 2, 2016, '19:09:33'),
(481, '1997-01-27', 2, 27, 1, 1, 1997, '04:52:58'),
(482, '2017-03-28', 3, 28, 3, 1, 2017, '02:36:46'),
(483, '2004-12-18', 7, 18, 12, 4, 2004, '11:46:22'),
(484, '1999-07-22', 5, 22, 7, 3, 1999, '11:05:59'),
(485, '2006-11-14', 3, 14, 11, 4, 2006, '20:30:04'),
(486, '2009-11-19', 5, 19, 11, 4, 2009, '05:17:30'),
(487, '1996-12-14', 7, 14, 12, 4, 1996, '05:28:56'),
(488, '2012-11-14', 4, 14, 11, 4, 2012, '01:57:14'),
(489, '2016-02-21', 1, 21, 2, 1, 2016, '05:43:15'),
(490, '2003-02-15', 7, 15, 2, 1, 2003, '02:42:59'),
(491, '2011-01-18', 3, 18, 1, 1, 2011, '08:41:18'),
(492, '2009-09-04', 6, 4, 9, 3, 2009, '11:35:06'),
(493, '2013-11-19', 3, 19, 11, 4, 2013, '02:43:09'),
(494, '1997-12-23', 3, 23, 12, 4, 1997, '02:33:07'),
(495, '2016-12-01', 5, 1, 12, 4, 2016, '03:35:55'),
(496, '2011-10-24', 2, 24, 10, 4, 2011, '15:45:02'),
(497, '2000-04-23', 1, 23, 4, 2, 2000, '06:39:13'),
(498, '2016-03-13', 1, 13, 3, 1, 2016, '14:07:56'),
(499, '2002-01-14', 2, 14, 1, 1, 2002, '13:46:49'),
(500, '2012-05-30', 4, 30, 5, 2, 2012, '04:40:00'),
(501, '2008-01-15', 3, 15, 1, 1, 2008, '22:04:19'),
(502, '2011-05-15', 1, 15, 5, 2, 2011, '01:10:53'),
(503, '1997-10-04', 7, 4, 10, 4, 1997, '15:06:39'),
(504, '1999-08-19', 5, 19, 8, 3, 1999, '14:06:45'),
(505, '2004-07-08', 5, 8, 7, 3, 2004, '00:18:09'),
(506, '2010-07-28', 4, 28, 7, 3, 2010, '21:52:59'),
(507, '2008-05-12', 2, 12, 5, 2, 2008, '21:10:56'),
(508, '2007-05-17', 5, 17, 5, 2, 2007, '23:56:07'),
(509, '2013-10-31', 5, 31, 10, 4, 2013, '23:57:57'),
(510, '1998-09-13', 1, 13, 9, 3, 1998, '03:34:21'),
(511, '2014-08-18', 2, 18, 8, 3, 2014, '08:18:11'),
(512, '2015-08-07', 6, 7, 8, 3, 2015, '04:21:50'),
(513, '2010-07-07', 4, 7, 7, 3, 2010, '10:50:16'),
(514, '2011-02-27', 1, 27, 2, 1, 2011, '23:34:05'),
(515, '2017-09-18', 2, 18, 9, 3, 2017, '17:06:48'),
(516, '2000-01-29', 7, 29, 1, 1, 2000, '14:43:42'),
(517, '2005-01-19', 4, 19, 1, 1, 2005, '11:05:28'),
(518, '2006-09-12', 3, 12, 9, 3, 2006, '23:58:06'),
(519, '2009-12-06', 1, 6, 12, 4, 2009, '00:45:39'),
(520, '2013-02-22', 6, 22, 2, 1, 2013, '13:03:29'),
(521, '1998-05-28', 5, 28, 5, 2, 1998, '03:11:35'),
(522, '2004-03-24', 4, 24, 3, 1, 2004, '17:21:01'),
(523, '2000-03-07', 3, 7, 3, 1, 2000, '08:33:19'),
(524, '1997-12-24', 4, 24, 12, 4, 1997, '02:51:51'),
(525, '2012-06-18', 2, 18, 6, 2, 2012, '23:10:05'),
(526, '2009-02-20', 6, 20, 2, 1, 2009, '22:32:32'),
(527, '2000-10-25', 4, 25, 10, 4, 2000, '07:23:10'),
(528, '2010-05-17', 2, 17, 5, 2, 2010, '15:25:33'),
(529, '1998-12-11', 6, 11, 12, 4, 1998, '16:55:19'),
(530, '2000-09-02', 7, 2, 9, 3, 2000, '13:04:10'),
(531, '1998-10-14', 4, 14, 10, 4, 1998, '12:12:41'),
(532, '2012-01-25', 4, 25, 1, 1, 2012, '21:38:34'),
(533, '1999-06-19', 7, 19, 6, 2, 1999, '11:27:33'),
(534, '2012-10-20', 7, 20, 10, 4, 2012, '21:58:14'),
(535, '2002-03-10', 1, 10, 3, 1, 2002, '17:35:20'),
(536, '2000-02-25', 6, 25, 2, 1, 2000, '13:30:33'),
(537, '2011-07-21', 5, 21, 7, 3, 2011, '16:26:44'),
(538, '2014-12-25', 5, 25, 12, 4, 2014, '15:36:11'),
(539, '2002-04-10', 4, 10, 4, 2, 2002, '11:50:12'),
(540, '2005-01-23', 1, 23, 1, 1, 2005, '08:19:11'),
(541, '2006-05-16', 3, 16, 5, 2, 2006, '16:47:48'),
(542, '2014-12-14', 1, 14, 12, 4, 2014, '00:37:13'),
(543, '2013-05-09', 5, 9, 5, 2, 2013, '17:54:40'),
(544, '2010-05-06', 5, 6, 5, 2, 2010, '13:58:44'),
(545, '2013-01-23', 4, 23, 1, 1, 2013, '13:36:29'),
(546, '1999-06-18', 6, 18, 6, 2, 1999, '20:53:35'),
(547, '2004-06-02', 4, 2, 6, 2, 2004, '02:01:35'),
(548, '2002-07-10', 4, 10, 7, 3, 2002, '01:51:02'),
(549, '1999-12-23', 5, 23, 12, 4, 1999, '08:04:28'),
(550, '2001-02-22', 5, 22, 2, 1, 2001, '14:46:08'),
(551, '2009-01-19', 2, 19, 1, 1, 2009, '20:07:09'),
(552, '2007-01-21', 1, 21, 1, 1, 2007, '11:48:45'),
(553, '2004-07-05', 2, 5, 7, 3, 2004, '07:54:33'),
(554, '2008-02-23', 7, 23, 2, 1, 2008, '22:06:31'),
(555, '1999-01-12', 3, 12, 1, 1, 1999, '01:31:05'),
(556, '2008-06-17', 3, 17, 6, 2, 2008, '13:56:05'),
(557, '2017-08-14', 2, 14, 8, 3, 2017, '20:21:59'),
(558, '2004-11-19', 6, 19, 11, 4, 2004, '23:34:25'),
(559, '2002-01-05', 7, 5, 1, 1, 2002, '13:41:22'),
(560, '2009-05-06', 4, 6, 5, 2, 2009, '19:07:00'),
(561, '2003-12-29', 2, 29, 12, 4, 2003, '01:35:13'),
(562, '1998-08-21', 6, 21, 8, 3, 1998, '21:38:57'),
(563, '2012-07-29', 1, 29, 7, 3, 2012, '19:26:04'),
(564, '2005-07-21', 5, 21, 7, 3, 2005, '15:36:12'),
(565, '2007-01-23', 3, 23, 1, 1, 2007, '11:19:55'),
(566, '2007-08-09', 5, 9, 8, 3, 2007, '19:27:29'),
(567, '2016-10-17', 2, 17, 10, 4, 2016, '20:13:37'),
(568, '1998-02-03', 3, 3, 2, 1, 1998, '07:07:33'),
(569, '2003-05-26', 2, 26, 5, 2, 2003, '22:55:17'),
(570, '2015-07-30', 5, 30, 7, 3, 2015, '21:14:33'),
(571, '2011-11-02', 4, 2, 11, 4, 2011, '07:18:05'),
(572, '2011-03-26', 7, 26, 3, 1, 2011, '18:53:29'),
(573, '2003-04-26', 7, 26, 4, 2, 2003, '18:17:22'),
(574, '2008-06-13', 6, 13, 6, 2, 2008, '08:20:00'),
(575, '2002-11-03', 1, 3, 11, 4, 2002, '23:40:59'),
(576, '1999-07-26', 2, 26, 7, 3, 1999, '01:33:33'),
(577, '2014-02-18', 3, 18, 2, 1, 2014, '10:33:45'),
(578, '2014-03-05', 4, 5, 3, 1, 2014, '09:38:32'),
(579, '2013-04-01', 2, 1, 4, 2, 2013, '08:46:46'),
(580, '2016-01-10', 1, 10, 1, 1, 2016, '07:13:05'),
(581, '2005-04-23', 7, 23, 4, 2, 2005, '04:36:58'),
(582, '1999-08-03', 3, 3, 8, 3, 1999, '06:50:10'),
(583, '2005-10-16', 1, 16, 10, 4, 2005, '23:47:52'),
(584, '2016-03-09', 4, 9, 3, 1, 2016, '05:36:41'),
(585, '2011-02-11', 6, 11, 2, 1, 2011, '06:24:10'),
(586, '2014-04-14', 2, 14, 4, 2, 2014, '06:04:37'),
(587, '2012-03-26', 2, 26, 3, 1, 2012, '17:37:28'),
(588, '2011-10-08', 7, 8, 10, 4, 2011, '07:29:51'),
(589, '2006-06-15', 5, 15, 6, 2, 2006, '18:58:38'),
(590, '2015-01-29', 5, 29, 1, 1, 2015, '00:52:30'),
(591, '2002-07-05', 6, 5, 7, 3, 2002, '10:52:10'),
(592, '2011-10-21', 6, 21, 10, 4, 2011, '00:33:34'),
(593, '2005-05-09', 2, 9, 5, 2, 2005, '20:53:26'),
(594, '2006-02-28', 3, 28, 2, 1, 2006, '19:29:25'),
(595, '2010-02-15', 2, 15, 2, 1, 2010, '01:43:44'),
(596, '2016-10-15', 7, 15, 10, 4, 2016, '12:54:05'),
(597, '2009-02-08', 1, 8, 2, 1, 2009, '04:13:18'),
(598, '2012-02-13', 2, 13, 2, 1, 2012, '01:15:13'),
(599, '2006-03-23', 5, 23, 3, 1, 2006, '17:06:14'),
(600, '2009-09-26', 7, 26, 9, 3, 2009, '12:18:04'),
(601, '2016-12-01', 5, 1, 12, 4, 2016, '10:15:39'),
(602, '2016-12-02', 6, 2, 12, 4, 2016, '19:24:44');

-- --------------------------------------------------------

--
-- Table structure for table `Club`
--

CREATE TABLE `Club` (
  `ClubKey` int(11) NOT NULL,
  `ClubID` int(11) NOT NULL,
  `Street` varchar(30) NOT NULL,
  `City` varchar(30) NOT NULL,
  `State` varchar(30) NOT NULL,
  `Zipcode` varchar(10) NOT NULL
) ENGINE=InnoDB DEFAULT CHARSET=latin1;

--
-- Dumping data for table `Club`
--

INSERT INTO `Club` (`ClubKey`, `ClubID`, `Street`, `City`, `State`, `Zipcode`) VALUES
(1, 1, '439 Kiely Blvd', 'San Jose', 'CA', '95117'),
(2, 2, '1365 Geneva Dr', 'Sunnyvale', 'CA', '94089'),
(3, 3, '1191 W Montague Expy', 'Milpitas', 'CA', '95035'),
(4, 4, '190 Constitution Dr', 'Menlo Park', 'CA', '94025'),
(5, 5, '46049 Warm Springs Blvd', 'Fremont', 'CA', '94539'),
(6, 6, '17 Hickory St', 'Palmyra', 'PA', '17078'),
(7, 7, '317 Woodvale Ave', 'Johnstown', 'PA', '15901'),
(8, 8, '340 Bill Banks Rd', 'Calhoun', 'LA', '71225'),
(9, 9, 'Po Box 908', 'Buxton', 'NC', '27920'),
(10, 10, '1468 Lakeview Ave', 'Dracut', 'MA', '01826'),
(11, 11, '302 W 5th St', 'Clare', 'MI', '48617'),
(12, 12, '603 W Park St', 'Sheldon', 'IA', '51201'),
(13, 13, '15 W State Rd #16', 'Lucerne', 'IN', '46950'),
(14, 14, '186 Twin Pine Dr', 'Jacksons Gap', 'AL', '36861'),
(15, 15, '5304 W Summer Creek Pl', 'Sioux Falls', 'SD', '57106'),
(16, 16, '1 Washington Square', 'San Jose', 'CA', '95112'),
(17, 17, 'FunnyBones Street', 'Seattle', 'WA', '98972'),
(18, 18, '560 5th Street', 'Miami', 'FL', '96572');

-- --------------------------------------------------------

--
-- Table structure for table `Court`
--

CREATE TABLE `Court` (
  `CourtKey` int(11) NOT NULL,
  `CourtID` int(11) NOT NULL,
  `FloorType` varchar(30) NOT NULL,
  `HourlyRate` int(11) NOT NULL,
  `ClubID` int(11) NOT NULL,
  `Street` varchar(30) NOT NULL,
  `City` varchar(30) NOT NULL,
  `State` varchar(30) NOT NULL,
  `Zipcode` varchar(10) NOT NULL
) ENGINE=InnoDB DEFAULT CHARSET=latin1;

--
-- Dumping data for table `Court`
--

INSERT INTO `Court` (`CourtKey`, `CourtID`, `FloorType`, `HourlyRate`, `ClubID`, `Street`, `City`, `State`, `Zipcode`) VALUES
(1, 1, 'Matted', 20, 1, '439 Kiely Blvd', 'San Jose', 'CA', '95117'),
(2, 1, 'Matted', 25, 2, '1365 Geneva Dr', 'Sunnyvale', 'CA', '94089'),
(3, 1, 'HardWood', 25, 3, '1191 W Montague Expy', 'Milpitas', 'CA', '95035'),
(4, 1, 'HardWood', 20, 4, '190 Constitution Dr', 'Menlo Park', 'CA', '94025'),
(5, 1, 'HardWood', 25, 5, '46049 Warm Springs Blvd', 'Fremont', 'CA', '94539'),
(6, 1, 'HardWood', 25, 6, '17 Hickory St', 'Palmyra', 'PA', '17078'),
(7, 1, 'Concrete', 10, 7, '317 Woodvale Ave', 'Johnstown', 'PA', '15901'),
(8, 1, 'Concrete', 20, 8, '340 Bill Banks Rd', 'Calhoun', 'LA', '71225'),
(9, 1, 'Concrete', 25, 9, 'Po Box 908', 'Buxton', 'NC', '27920'),
(10, 1, 'Concrete', 10, 10, '1468 Lakeview Ave', 'Dracut', 'MA', '1826'),
(11, 1, 'HardWood', 25, 11, '302 W 5th St', 'Clare', 'MI', '48617'),
(12, 1, 'Matted', 25, 12, '603 W Park St', 'Sheldon', 'IA', '51201'),
(13, 1, 'HardWood', 25, 13, '15 W State Rd #16', 'Lucerne', 'IN', '46950'),
(14, 1, 'Matted', 20, 14, '186 Twin Pine Dr', 'Jacksons Gap', 'AL', '36861'),
(15, 1, 'Concrete', 10, 15, '5304 W Summer Creek Pl', 'Sioux Falls', 'SD', '57106'),
(16, 2, 'Concrete', 25, 1, '439 Kiely Blvd', 'San Jose', 'CA', '95117'),
(17, 2, 'Concrete', 10, 2, '1365 Geneva Dr', 'Sunnyvale', 'CA', '94089'),
(18, 2, 'Matted', 20, 3, '1191 W Montague Expy', 'Milpitas', 'CA', '95035'),
(19, 2, 'Matted', 25, 4, '190 Constitution Dr', 'Menlo Park', 'CA', '94025'),
(20, 2, 'HardWood', 25, 5, '46049 Warm Springs Blvd', 'Fremont', 'CA', '94539'),
(21, 2, 'HardWood', 10, 6, '17 Hickory St', 'Palmyra', 'PA', '17078'),
(22, 2, 'Concrete', 10, 7, '317 Woodvale Ave', 'Johnstown', 'PA', '15901'),
(23, 2, 'Matted', 20, 8, '340 Bill Banks Rd', 'Calhoun', 'LA', '71225'),
(24, 2, 'Concrete', 25, 9, 'Po Box 908', 'Buxton', 'NC', '27920'),
(25, 2, 'Matted', 10, 10, '1468 Lakeview Ave', 'Dracut', 'MA', '1826'),
(26, 2, 'Matted', 20, 11, '302 W 5th St', 'Clare', 'MI', '48617'),
(27, 2, 'HardWood', 10, 12, '603 W Park St', 'Sheldon', 'IA', '51201'),
(28, 2, 'Concrete', 20, 13, '15 W State Rd #16', 'Lucerne', 'IN', '46950'),
(29, 2, 'Matted', 25, 14, '186 Twin Pine Dr', 'Jacksons Gap', 'AL', '36861'),
(30, 2, 'Matted', 20, 15, '5304 W Summer Creek Pl', 'Sioux Falls', 'SD', '57106'),
(31, 3, 'Matted', 25, 1, '439 Kiely Blvd', 'San Jose', 'CA', '95117'),
(32, 3, 'HardWood', 25, 2, '1365 Geneva Dr', 'Sunnyvale', 'CA', '94089'),
(33, 3, 'Matted', 20, 3, '1191 W Montague Expy', 'Milpitas', 'CA', '95035'),
(34, 3, 'Concrete', 20, 4, '190 Constitution Dr', 'Menlo Park', 'CA', '94025'),
(35, 3, 'HardWood', 10, 5, '46049 Warm Springs Blvd', 'Fremont', 'CA', '94539'),
(36, 3, 'Matted', 25, 6, '17 Hickory St', 'Palmyra', 'PA', '17078'),
(37, 3, 'Concrete', 25, 7, '317 Woodvale Ave', 'Johnstown', 'PA', '15901'),
(38, 3, 'Matted', 25, 8, '340 Bill Banks Rd', 'Calhoun', 'LA', '71225'),
(39, 3, 'Matted', 25, 9, 'Po Box 908', 'Buxton', 'NC', '27920'),
(40, 3, 'Concrete', 10, 10, '1468 Lakeview Ave', 'Dracut', 'MA', '1826'),
(41, 3, 'HardWood', 20, 11, '302 W 5th St', 'Clare', 'MI', '48617'),
(42, 3, 'Concrete', 20, 12, '603 W Park St', 'Sheldon', 'IA', '51201'),
(43, 3, 'HardWood', 25, 13, '15 W State Rd #16', 'Lucerne', 'IN', '46950'),
(44, 3, 'HardWood', 10, 14, '186 Twin Pine Dr', 'Jacksons Gap', 'AL', '36861'),
(45, 3, 'HardWood', 10, 15, '5304 W Summer Creek Pl', 'Sioux Falls', 'SD', '57106'),
(46, 4, 'Concrete', 25, 1, '439 Kiely Blvd', 'San Jose', 'CA', '95117'),
(47, 4, 'Matted', 20, 2, '1365 Geneva Dr', 'Sunnyvale', 'CA', '94089'),
(48, 4, 'Concrete', 20, 3, '1191 W Montague Expy', 'Milpitas', 'CA', '95035'),
(49, 4, 'HardWood', 10, 4, '190 Constitution Dr', 'Menlo Park', 'CA', '94025'),
(50, 4, 'HardWood', 10, 5, '46049 Warm Springs Blvd', 'Fremont', 'CA', '94539'),
(51, 4, 'Concrete', 25, 6, '17 Hickory St', 'Palmyra', 'PA', '17078'),
(52, 4, 'Concrete', 10, 7, '317 Woodvale Ave', 'Johnstown', 'PA', '15901'),
(53, 4, 'Concrete', 20, 8, '340 Bill Banks Rd', 'Calhoun', 'LA', '71225'),
(54, 4, 'Matted', 20, 9, 'Po Box 908', 'Buxton', 'NC', '27920'),
(55, 4, 'HardWood', 10, 10, '1468 Lakeview Ave', 'Dracut', 'MA', '1826'),
(56, 4, 'Matted', 10, 11, '302 W 5th St', 'Clare', 'MI', '48617'),
(57, 4, 'Matted', 20, 12, '603 W Park St', 'Sheldon', 'IA', '51201'),
(58, 4, 'Matted', 25, 13, '15 W State Rd #16', 'Lucerne', 'IN', '46950'),
(59, 4, 'Concrete', 20, 14, '186 Twin Pine Dr', 'Jacksons Gap', 'AL', '36861'),
(60, 4, 'Matted', 20, 15, '5304 W Summer Creek Pl', 'Sioux Falls', 'SD', '57106'),
(61, 5, 'Matted', 25, 1, '439 Kiely Blvd', 'San Jose', 'CA', '95117'),
(62, 5, 'Concrete', 10, 2, '1365 Geneva Dr', 'Sunnyvale', 'CA', '94089'),
(63, 5, 'Matted', 25, 3, '1191 W Montague Expy', 'Milpitas', 'CA', '95035'),
(64, 5, 'Concrete', 10, 4, '190 Constitution Dr', 'Menlo Park', 'CA', '94025'),
(65, 5, 'HardWood', 10, 5, '46049 Warm Springs Blvd', 'Fremont', 'CA', '94539'),
(66, 5, 'HardWood', 25, 6, '17 Hickory St', 'Palmyra', 'PA', '17078'),
(67, 5, 'Concrete', 20, 7, '317 Woodvale Ave', 'Johnstown', 'PA', '15901'),
(68, 5, 'Matted', 25, 8, '340 Bill Banks Rd', 'Calhoun', 'LA', '71225'),
(69, 5, 'Matted', 10, 9, 'Po Box 908', 'Buxton', 'NC', '27920'),
(70, 5, 'Concrete', 20, 10, '1468 Lakeview Ave', 'Dracut', 'MA', '1826'),
(71, 5, 'Concrete', 10, 11, '302 W 5th St', 'Clare', 'MI', '48617'),
(72, 5, 'Concrete', 25, 12, '603 W Park St', 'Sheldon', 'IA', '51201'),
(73, 5, 'Concrete', 10, 13, '15 W State Rd #16', 'Lucerne', 'IN', '46950'),
(74, 5, 'Matted', 25, 14, '186 Twin Pine Dr', 'Jacksons Gap', 'AL', '36861'),
(75, 5, 'Matted', 20, 15, '5304 W Summer Creek Pl', 'Sioux Falls', 'SD', '57106'),
(76, 6, 'Matted', 20, 1, '439 Kiely Blvd', 'San Jose', 'CA', '95117'),
(77, 6, 'Concrete', 20, 2, '1365 Geneva Dr', 'Sunnyvale', 'CA', '94089'),
(78, 6, 'HardWood', 20, 3, '1191 W Montague Expy', 'Milpitas', 'CA', '95035'),
(79, 6, 'HardWood', 10, 4, '190 Constitution Dr', 'Menlo Park', 'CA', '94025'),
(80, 6, 'Matted', 25, 5, '46049 Warm Springs Blvd', 'Fremont', 'CA', '94539'),
(81, 6, 'Matted', 20, 6, '17 Hickory St', 'Palmyra', 'PA', '17078'),
(82, 6, 'Matted', 10, 7, '317 Woodvale Ave', 'Johnstown', 'PA', '15901'),
(83, 6, 'HardWood', 20, 8, '340 Bill Banks Rd', 'Calhoun', 'LA', '71225'),
(84, 6, 'Matted', 20, 9, 'Po Box 908', 'Buxton', 'NC', '27920'),
(85, 6, 'Matted', 25, 10, '1468 Lakeview Ave', 'Dracut', 'MA', '1826'),
(86, 6, 'HardWood', 25, 11, '302 W 5th St', 'Clare', 'MI', '48617'),
(87, 6, 'Matted', 10, 12, '603 W Park St', 'Sheldon', 'IA', '51201'),
(88, 6, 'HardWood', 25, 13, '15 W State Rd #16', 'Lucerne', 'IN', '46950'),
(89, 6, 'Matted', 25, 14, '186 Twin Pine Dr', 'Jacksons Gap', 'AL', '36861'),
(90, 6, 'Matted', 10, 15, '5304 W Summer Creek Pl', 'Sioux Falls', 'SD', '57106'),
(91, 7, 'Matted', 25, 1, '439 Kiely Blvd', 'San Jose', 'CA', '95117'),
(92, 7, 'Concrete', 25, 2, '1365 Geneva Dr', 'Sunnyvale', 'CA', '94089'),
(93, 7, 'HardWood', 20, 3, '1191 W Montague Expy', 'Milpitas', 'CA', '95035'),
(94, 7, 'Matted', 10, 4, '190 Constitution Dr', 'Menlo Park', 'CA', '94025'),
(95, 7, 'Concrete', 20, 5, '46049 Warm Springs Blvd', 'Fremont', 'CA', '94539'),
(96, 7, 'Matted', 25, 6, '17 Hickory St', 'Palmyra', 'PA', '17078'),
(97, 7, 'Concrete', 10, 7, '317 Woodvale Ave', 'Johnstown', 'PA', '15901'),
(98, 7, 'HardWood', 10, 8, '340 Bill Banks Rd', 'Calhoun', 'LA', '71225'),
(99, 7, 'HardWood', 25, 9, 'Po Box 908', 'Buxton', 'NC', '27920'),
(100, 7, 'HardWood', 20, 10, '1468 Lakeview Ave', 'Dracut', 'MA', '1826'),
(101, 7, 'Matted', 25, 11, '302 W 5th St', 'Clare', 'MI', '48617'),
(102, 7, 'HardWood', 10, 12, '603 W Park St', 'Sheldon', 'IA', '51201'),
(103, 7, 'Concrete', 10, 13, '15 W State Rd #16', 'Lucerne', 'IN', '46950'),
(104, 7, 'HardWood', 20, 14, '186 Twin Pine Dr', 'Jacksons Gap', 'AL', '36861'),
(105, 7, 'HardWood', 25, 15, '5304 W Summer Creek Pl', 'Sioux Falls', 'SD', '57106'),
(106, 8, 'Matted', 20, 1, '439 Kiely Blvd', 'San Jose', 'CA', '95117'),
(107, 8, 'Matted', 20, 2, '1365 Geneva Dr', 'Sunnyvale', 'CA', '94089'),
(108, 8, 'HardWood', 10, 3, '1191 W Montague Expy', 'Milpitas', 'CA', '95035'),
(109, 8, 'HardWood', 25, 4, '190 Constitution Dr', 'Menlo Park', 'CA', '94025'),
(110, 8, 'HardWood', 25, 5, '46049 Warm Springs Blvd', 'Fremont', 'CA', '94539'),
(111, 8, 'HardWood', 25, 6, '17 Hickory St', 'Palmyra', 'PA', '17078'),
(112, 8, 'Matted', 20, 7, '317 Woodvale Ave', 'Johnstown', 'PA', '15901'),
(113, 8, 'Matted', 25, 8, '340 Bill Banks Rd', 'Calhoun', 'LA', '71225'),
(114, 8, 'Concrete', 10, 9, 'Po Box 908', 'Buxton', 'NC', '27920'),
(115, 8, 'Matted', 20, 10, '1468 Lakeview Ave', 'Dracut', 'MA', '1826'),
(116, 8, 'Matted', 25, 11, '302 W 5th St', 'Clare', 'MI', '48617'),
(117, 8, 'HardWood', 25, 12, '603 W Park St', 'Sheldon', 'IA', '51201'),
(118, 8, 'HardWood', 20, 13, '15 W State Rd #16', 'Lucerne', 'IN', '46950'),
(119, 8, 'Matted', 25, 14, '186 Twin Pine Dr', 'Jacksons Gap', 'AL', '36861'),
(120, 8, 'Matted', 25, 15, '5304 W Summer Creek Pl', 'Sioux Falls', 'SD', '57106'),
(121, 9, 'Concrete', 25, 1, '439 Kiely Blvd', 'San Jose', 'CA', '95117'),
(122, 9, 'Concrete', 10, 2, '1365 Geneva Dr', 'Sunnyvale', 'CA', '94089'),
(123, 9, 'HardWood', 25, 3, '1191 W Montague Expy', 'Milpitas', 'CA', '95035'),
(124, 9, 'Concrete', 20, 4, '190 Constitution Dr', 'Menlo Park', 'CA', '94025'),
(125, 9, 'HardWood', 25, 5, '46049 Warm Springs Blvd', 'Fremont', 'CA', '94539'),
(126, 9, 'HardWood', 20, 6, '17 Hickory St', 'Palmyra', 'PA', '17078'),
(127, 9, 'Concrete', 10, 7, '317 Woodvale Ave', 'Johnstown', 'PA', '15901'),
(128, 9, 'Concrete', 25, 8, '340 Bill Banks Rd', 'Calhoun', 'LA', '71225'),
(129, 9, 'Concrete', 20, 9, 'Po Box 908', 'Buxton', 'NC', '27920'),
(130, 9, 'Matted', 10, 10, '1468 Lakeview Ave', 'Dracut', 'MA', '1826'),
(131, 9, 'HardWood', 10, 11, '302 W 5th St', 'Clare', 'MI', '48617'),
(132, 9, 'Matted', 10, 12, '603 W Park St', 'Sheldon', 'IA', '51201'),
(133, 9, 'Concrete', 10, 13, '15 W State Rd #16', 'Lucerne', 'IN', '46950'),
(134, 9, 'Matted', 10, 14, '186 Twin Pine Dr', 'Jacksons Gap', 'AL', '36861'),
(135, 9, 'HardWood', 10, 15, '5304 W Summer Creek Pl', 'Sioux Falls', 'SD', '57106'),
(136, 10, 'HardWood', 20, 1, '439 Kiely Blvd', 'San Jose', 'CA', '95117'),
(137, 10, 'Concrete', 20, 2, '1365 Geneva Dr', 'Sunnyvale', 'CA', '94089'),
(138, 10, 'HardWood', 10, 3, '1191 W Montague Expy', 'Milpitas', 'CA', '95035'),
(139, 10, 'Matted', 20, 4, '190 Constitution Dr', 'Menlo Park', 'CA', '94025'),
(140, 10, 'HardWood', 20, 5, '46049 Warm Springs Blvd', 'Fremont', 'CA', '94539'),
(141, 10, 'Concrete', 20, 6, '17 Hickory St', 'Palmyra', 'PA', '17078'),
(142, 10, 'HardWood', 25, 7, '317 Woodvale Ave', 'Johnstown', 'PA', '15901'),
(143, 10, 'Concrete', 10, 8, '340 Bill Banks Rd', 'Calhoun', 'LA', '71225'),
(144, 10, 'HardWood', 10, 9, 'Po Box 908', 'Buxton', 'NC', '27920'),
(145, 10, 'Concrete', 25, 10, '1468 Lakeview Ave', 'Dracut', 'MA', '1826'),
(146, 10, 'HardWood', 20, 11, '302 W 5th St', 'Clare', 'MI', '48617'),
(147, 10, 'HardWood', 20, 12, '603 W Park St', 'Sheldon', 'IA', '51201'),
(148, 10, 'HardWood', 20, 13, '15 W State Rd #16', 'Lucerne', 'IN', '46950'),
(149, 10, 'Concrete', 20, 14, '186 Twin Pine Dr', 'Jacksons Gap', 'AL', '36861'),
(150, 10, 'Matted', 25, 15, '5304 W Summer Creek Pl', 'Sioux Falls', 'SD', '57106'),
(151, 11, 'Matted', 20, 1, '439 Kiely Blvd', 'San Jose', 'CA', '95117');

-- --------------------------------------------------------

--
-- Table structure for table `Player`
--

CREATE TABLE `Player` (
  `PlayerKey` int(11) NOT NULL,
  `PlayerID` int(11) NOT NULL,
  `PlayerName` varchar(30) NOT NULL,
  `State` varchar(30) NOT NULL,
  `City` varchar(30) NOT NULL,
  `Zipcode` varchar(10) NOT NULL,
  `Street` varchar(30) NOT NULL,
  `PlayerMembership` varchar(30) NOT NULL
) ENGINE=InnoDB DEFAULT CHARSET=latin1;

--
-- Dumping data for table `Player`
--

INSERT INTO `Player` (`PlayerKey`, `PlayerID`, `PlayerName`, `State`, `City`, `Zipcode`, `Street`, `PlayerMembership`) VALUES
(1, 1, 'Shannon', 'GA', 'Brunswick', '31525', '8985', 'Gold'),
(2, 2, 'Jemima', 'AZ', 'Phoenix', '85021', '64', 'Platinum'),
(3, 3, 'Jared', 'GA', 'Douglasville', '30134', '8709', 'Diamond'),
(4, 4, 'Alika', 'GA', 'Woodstock', '30188', '7196', 'Gold'),
(5, 5, 'Robin', 'CA', 'Atwater', '95301', '8220', ''),
(6, 6, 'Cailin', 'MD', 'Silver Spring', '20901', '17', 'Gold'),
(7, 7, 'Sophia', 'PA', 'Morrisville', '19067', '34', 'Diamond'),
(8, 8, 'Edan', 'NY', 'Patchogue', '11772', '86', ''),
(9, 9, 'Julian', 'MA', 'Chelmsford', '01824', '173', ''),
(10, 10, 'Octavius', 'FL', 'Winter Park', '32792', '861', ''),
(11, 11, 'Audrey', 'PA', 'Warminster', '18974', '13', ''),
(12, 12, 'Estelle', 'VA', 'Hopewell', '23860', '9952', ''),
(13, 13, 'Miguel', 'NJ', 'Englewood', '07631', '9955', ''),
(14, 14, 'Marc', 'SC', 'North Augusta', '29841', '3', ''),
(15, 15, 'Tim', 'CA', 'Mountain View', '94043', '367', ''),
(16, 16, 'Alvin', 'IN', 'Fort Wayne', '46804', '749', ''),
(17, 17, 'Santos', 'OH', 'Reynoldsburg', '43068', '717', ''),
(18, 18, 'Darnell', 'WI', 'Pewaukee', '53072', '23', ''),
(19, 19, 'Wesley', 'CA', 'Pomona', '91768', '65', ''),
(20, 20, 'Angelina', 'NJ', 'Montclair', '07042', '95', ''),
(21, 21, 'Eric', 'MI', 'Owosso', '48867', '186', ''),
(22, 22, 'Molly', 'OH', 'Wooster', '44691', '85', ''),
(23, 23, 'Marvin', 'FL', 'Rockledge', '32955', '7312', ''),
(24, 24, 'Deborah', 'NY', 'Port Jefferson Station', '11776', '83', ''),
(25, 25, 'Randall', 'SD', 'Sioux Falls', '57103', '8379', ''),
(26, 26, 'Jason', 'NJ', 'Howell', '07731', '608', ''),
(27, 27, 'Tamara', 'MA', 'West Springfield', '01089', '10', ''),
(28, 28, 'Tammy', 'NJ', 'Blackwood', '08012', '4', ''),
(29, 29, 'Vera', 'MD', 'Sykesville', '21784', '738', ''),
(30, 30, 'Homer', 'NY', 'Elmhurst', '11373', '8632', ''),
(31, 31, 'Terrell', 'WA', 'Kennewick', '99337', '9462', ''),
(32, 32, 'Erika', 'MD', 'Hyattsville', '20782', '66', ''),
(33, 33, 'Neil', 'IN', 'Highland', '46322', '9808', ''),
(34, 34, 'Gordon', 'MA', 'Gloucester', '01930', '8939', ''),
(35, 35, 'Curtis', 'IA', 'Ames', '50010', '86', ''),
(36, 36, 'Felix', 'MA', 'Fall River', '02720', '65', ''),
(37, 37, 'Opal', 'MD', 'Severn', '21144', '164', ''),
(38, 38, 'Lowell', 'GA', 'Rossville', '30741', '447', ''),
(39, 39, 'Bradley', 'NC', 'Garner', '27529', '18', ''),
(40, 40, 'Boyd', 'NJ', 'Irvington', '07111', '8781', ''),
(41, 41, 'Stewart', 'NY', 'Auburn', '13021', '9855', ''),
(42, 42, 'Cheryl', 'LA', 'Thibodaux', '70301', '8773', ''),
(43, 43, 'Gilberto', 'MD', 'Temple Hills', '20748', '7358', ''),
(44, 44, 'Sarah', 'NY', 'Hicksville', '11801', '873', ''),
(45, 45, 'Domingo', 'NY', 'Rockville Centre', '11570', '7618', ''),
(46, 46, 'Essie', 'KY', 'Paducah', '42001', '670', ''),
(47, 47, 'Timothy', 'TN', 'Mount Juliet', '37122', '9574', ''),
(48, 48, 'Rosemarie', 'NJ', 'East Brunswick', '08816', '7508', ''),
(49, 49, 'Sheryl', 'NY', 'Woodside', '11377', '477', ''),
(50, 50, 'Kathy', 'TX', 'Harlingen', '78552', '15', ''),
(51, 51, 'Muriel', 'FL', 'Deltona', '32725', '548', ''),
(52, 52, 'Vernon', 'CA', 'San Carlos', '94070', '601', ''),
(53, 53, 'Victor', 'NY', 'Monsey', '10952', '41', ''),
(54, 54, 'Diana', 'WA', 'Moses Lake', '98837', '23', ''),
(55, 55, 'Rufus', 'FL', 'Venice', '34293', '234', ''),
(56, 56, 'Lynn', 'NC', 'Asheboro', '27205', '7421', ''),
(57, 57, 'Inez', 'MA', 'Peabody', '01960', '462', ''),
(58, 58, 'Jeff', 'MI', 'Oak Park', '48237', '7830', ''),
(59, 59, 'Gina', 'FL', 'Bradenton', '34203', '300', ''),
(60, 60, 'Seth', 'NC', 'Morganton', '28655', '41', ''),
(61, 61, 'Guillermo', 'NJ', 'Edison', '08817', '25', ''),
(62, 62, 'Randy', 'NY', 'Queensbury', '12804', '848', ''),
(63, 63, 'Alma', 'MI', 'Farmington', '48331', '9249', ''),
(64, 64, 'Jessie', 'NC', 'Elizabeth City', '27909', '57', ''),
(65, 65, 'Ernest', 'CT', 'Vernon Rockville', '06066', '81', ''),
(66, 66, 'Wendell', 'NY', 'Woodside', '11377', '18', ''),
(67, 67, 'Dixie', 'GA', 'Augusta', '30906', '60', ''),
(68, 68, 'Jeffery', 'MI', 'Saint Joseph', '49085', '8654', ''),
(69, 69, 'Hector', 'AL', 'Alabaster', '35007', '514', ''),
(70, 70, 'Jonathan', 'OH', 'Kent', '44240', '8338', ''),
(71, 71, 'Eileen', 'VA', 'Mechanicsville', '23111', '54', ''),
(72, 72, 'Toby', 'NE', 'Omaha', '68107', '286', ''),
(73, 73, 'Kelli', 'FL', 'Boca Raton', '33428', '30', ''),
(74, 74, 'Nadine', 'MI', 'Westland', '48185', '7589', ''),
(75, 75, 'Jimmie', 'NC', 'Wilson', '27893', '28', ''),
(76, 76, 'Eddie', 'AL', 'Prattville', '36067', '9057', ''),
(77, 77, 'Lionel', 'LA', 'Sulphur', '70663', '93', ''),
(78, 78, 'Bill', 'NY', 'Wappingers Falls', '12590', '8512', ''),
(79, 79, 'Irma', 'MN', 'Circle Pines', '55014', '8832', ''),
(80, 80, 'Erik', 'IL', 'Algonquin', '60102', '598', ''),
(81, 81, 'Miriam', 'NY', 'Syosset', '11791', '946', ''),
(82, 82, 'Betty', 'NC', 'Lexington', '27292', '7527', ''),
(83, 83, 'Roman', 'VA', 'Ashburn', '20147', '415', ''),
(84, 84, 'Rolando', 'NJ', 'Matawan', '07747', '30', ''),
(85, 85, 'Darin', 'IN', 'Granger', '46530', '8', ''),
(86, 86, 'Joy', 'PA', 'Irwin', '15642', '9442', ''),
(87, 87, 'Jimmy', 'MA', 'North Andover', '01845', '7', ''),
(88, 88, 'Garry', 'MA', 'Gloucester', '01930', '7204', ''),
(89, 89, 'Dean', 'MI', 'Macomb', '48042', '7495', ''),
(90, 90, 'Kim', 'MN', 'Faribault', '55021', '484', ''),
(91, 91, 'Fernando', 'NC', 'Reidsville', '27320', '27', ''),
(92, 92, 'Lila', 'MD', 'Hyattsville', '20782', '866', ''),
(93, 93, 'Lester', 'CA', 'Vista', '92083', '721', ''),
(94, 94, 'Gerard', 'NJ', 'Ridgewood', '07450', '45', ''),
(95, 95, 'Marie', 'CT', 'Groton', '06340', '4', ''),
(96, 96, 'Dora', 'IN', 'Avon', '46123', '33', ''),
(97, 97, 'Vivian', 'VA', 'Powhatan', '23139', '7785', ''),
(98, 98, 'Cody', 'FL', 'Navarre', '32566', '518', ''),
(99, 99, 'Rudolph', 'MO', 'Saint Louis', '63109', '400', ''),
(100, 100, 'Elmer', 'IL', 'Mokena', '60448', '9962', ''),
(101, 101, 'Lisa', 'IL', 'New Lenox', '60451', '571', ''),
(102, 102, 'Dolores', 'PA', 'Camp Hill', '17011', '795', ''),
(103, 103, 'Geneva', 'NY', 'Brooklyn', '11201', '35', ''),
(104, 104, 'Beth', 'IL', 'Romeoville', '60446', '9820', ''),
(105, 105, 'Roosevelt', 'NJ', 'West Orange', '07052', '11', ''),
(106, 106, 'Arnold', 'NY', 'Amsterdam', '12010', '8507', ''),
(107, 107, 'Leonard', 'GA', 'Lawrenceville', '30043', '21', ''),
(108, 108, 'Jeanette', 'GA', 'Brunswick', '31525', '137', ''),
(109, 109, 'Lyle', 'MA', 'Medford', '02155', '997', ''),
(110, 110, 'Leticia', 'WI', 'Kenosha', '53140', '8749', ''),
(111, 111, 'Wilfred', 'IA', 'Sioux City', '51106', '373', ''),
(112, 112, 'Pam', 'PA', 'Irwin', '15642', '555', ''),
(113, 113, 'Esther', 'FL', 'Lake Mary', '32746', '54', ''),
(114, 114, 'Mike', 'SC', 'Piedmont', '29673', '380', ''),
(115, 115, 'Keith', 'OH', 'New Philadelphia', '44663', '18', ''),
(116, 116, 'Kristina', 'IA', 'Urbandale', '50322', '49', ''),
(117, 117, 'Matt', 'NJ', 'Sicklerville', '08081', '733', ''),
(118, 118, 'Lee', 'WI', 'Stevens Point', '54481', '898', ''),
(119, 119, 'Laura', 'NY', 'West Islip', '11795', '912', ''),
(120, 120, 'Joseph', 'MN', 'Burnsville', '55337', '81', ''),
(121, 121, 'Edwin', 'MI', 'Holland', '49423', '9059', ''),
(122, 122, 'Shari', 'PA', 'Greensburg', '15601', '66', ''),
(123, 123, 'Darin', 'WI', 'Pewaukee', '53072', '7055', ''),
(124, 124, 'Leroy', 'CA', 'Banning', '92220', '844', ''),
(125, 125, 'Maxine', 'NJ', 'North Bergen', '07047', '13', ''),
(126, 126, 'Theresa', 'FL', 'The Villages', '32162', '7097', ''),
(127, 127, 'George', 'PA', 'Phoenixville', '19460', '407', ''),
(128, 128, 'Robyn', 'VA', 'Chesterfield', '23832', '8', ''),
(129, 129, 'Tammy', 'WV', 'Clarksburg', '26301', '44', ''),
(130, 130, 'Mattie', 'GA', 'Savannah', '31404', '35', ''),
(131, 131, 'Ernestine', 'MI', 'Battle Creek', '49015', '845', ''),
(132, 132, 'Nicholas', 'MI', 'Lansing', '48910', '529', ''),
(133, 133, 'Jacqueline', 'MA', 'West Springfield', '01089', '33', ''),
(134, 134, 'Dana', 'TX', 'Desoto', '75115', '7665', ''),
(135, 135, 'Darryl', 'NJ', 'Caldwell', '07006', '8968', ''),
(136, 136, 'Hazel', 'PA', 'Easton', '18042', '9', ''),
(137, 137, 'Nina', 'NJ', 'Plainfield', '07060', '7904', ''),
(138, 138, 'Melba', 'VA', 'Manassas', '20109', '979', ''),
(139, 139, 'Beulah', 'WI', 'Pewaukee', '53072', '76', ''),
(140, 140, 'Tabitha', 'RI', 'Providence', '02904', '580', ''),
(141, 141, 'Julio', 'SC', 'Goose Creek', '29445', '69', ''),
(142, 142, 'Benny', 'NJ', 'Union', '07083', '45', ''),
(143, 143, 'Jessie', 'MA', 'Gloucester', '01930', '7547', ''),
(144, 144, 'Shawna', 'NJ', 'Englewood', '07631', '8317', ''),
(145, 145, 'Shelia', 'NC', 'Apex', '27502', '59', ''),
(146, 146, 'Amy', 'PA', 'Camp Hill', '17011', '8', ''),
(147, 147, 'Leslie', 'WI', 'Sheboygan', '53081', '456', ''),
(148, 148, 'Ella', 'NJ', 'Plainfield', '07060', '810', ''),
(149, 149, 'Olive', 'TN', 'Gallatin', '37066', '9650', ''),
(150, 150, 'Holly', 'MN', 'Burnsville', '55337', '41', ''),
(151, 151, 'Derrick', 'NY', 'Massapequa', '11758', '7446', ''),
(152, 152, 'Irvin', 'GA', 'Grovetown', '30813', '29', ''),
(153, 153, 'Taylor', 'PA', 'Southampton', '18966', '9', ''),
(154, 154, 'Ruth', 'IL', 'Geneva', '60134', '41', ''),
(155, 155, 'Wilson', 'CT', 'New Britain', '06051', '915', ''),
(156, 156, 'Andrew', 'MD', 'Pikesville', '21208', '8908', ''),
(157, 157, 'Cristina', 'PA', 'Glenside', '19038', '9534', ''),
(158, 158, 'Joy', 'NY', 'Liverpool', '13090', '539', ''),
(159, 159, 'Doyle', 'NJ', 'Livingston', '07039', '99', ''),
(160, 160, 'Richard', 'PA', 'Upper Darby', '19082', '229', ''),
(161, 161, 'Krista', 'KY', 'Madisonville', '42431', '9', ''),
(162, 162, 'Kristy', 'MI', 'Wyoming', '49509', '977', ''),
(163, 163, 'Cary', 'MA', 'North Attleboro', '02760', '87', ''),
(164, 164, 'Toni', 'IL', 'Lemont', '60439', '116', ''),
(165, 165, 'April', 'OH', 'Akron', '44312', '157', ''),
(166, 166, 'Bobby', 'SC', 'Irmo', '29063', '749', ''),
(167, 167, 'Beth', 'PA', 'Allentown', '18102', '8517', ''),
(168, 168, 'Della', 'MA', 'North Attleboro', '02760', '24', ''),
(169, 169, 'Jay', 'MI', 'Owosso', '48867', '44', ''),
(170, 170, 'Elaine', 'NY', 'Monsey', '10952', '997', ''),
(171, 171, 'Whitney', 'NY', 'Endicott', '13760', '8513', ''),
(172, 172, 'Cory', 'FL', 'Palm Harbor', '34683', '585', ''),
(173, 173, 'Latoya', 'NJ', 'Hillsborough', '08844', '483', ''),
(174, 174, 'Freddie', 'NY', 'Springfield Gardens', '11413', '7455', ''),
(175, 175, 'Meghan', 'FL', 'Cantonment', '32533', '9089', ''),
(176, 176, 'Mae', 'GA', 'Norcross', '30092', '8489', ''),
(177, 177, 'Doreen', 'MD', 'Baltimore', '21206', '459', ''),
(178, 178, 'Janis', 'MN', 'Anoka', '55303', '458', ''),
(179, 179, 'Byron', 'IL', 'Lake Zurich', '60047', '745', ''),
(180, 180, 'Lillian', 'MI', 'Southfield', '48076', '647', ''),
(181, 181, 'Ignacio', 'NY', 'New City', '10956', '9603', ''),
(182, 182, 'Ray', 'IN', 'Elkhart', '46514', '8052', ''),
(183, 183, 'Brandi', 'MD', 'Laurel', '20707', '572', ''),
(184, 184, 'Faith', 'NY', 'Freeport', '11520', '4', ''),
(185, 185, 'Rodney', 'NJ', 'Somerset', '08873', '1', ''),
(186, 186, 'Terri', 'NC', 'Mocksville', '27028', '7303', ''),
(187, 187, 'Moses', 'NY', 'Corona', '11368', '842', ''),
(188, 188, 'Jenna', 'VA', 'Yorktown', '23693', '464', ''),
(189, 189, 'Loren', 'NY', 'Ballston Spa', '12020', '72', ''),
(190, 190, 'Cornelius', 'NC', 'Clemmons', '27012', '7919', ''),
(191, 191, 'Clifford', 'NJ', 'Scotch Plains', '07076', '14', ''),
(192, 192, 'Lowell', 'OH', 'Sylvania', '43560', '456', ''),
(193, 193, 'Jeanette', 'TX', 'Helotes', '78023', '7264', ''),
(194, 194, 'Cheryl', 'NY', 'Clifton Park', '12065', '552', ''),
(195, 195, 'Carla', 'NH', 'Hudson', '03051', '232', ''),
(196, 196, 'Alejandro', 'MI', 'Davison', '48423', '83', ''),
(197, 197, 'Gabriel', 'CT', 'Norwich', '06360', '3', ''),
(198, 198, 'Dustin', 'CA', 'Apple Valley', '92307', '14', ''),
(199, 199, 'Justin', 'SC', 'Greenwood', '29646', '8576', ''),
(200, 200, 'Juana', 'MN', 'Lakeville', '55044', '7820', ''),
(201, 201, 'Cody', 'NY', 'Flushing', '11354', '757', ''),
(202, 202, 'Thelma', 'NY', 'Lindenhurst', '11757', '886', ''),
(203, 203, 'Bennie', 'IL', 'New Lenox', '60451', '468', ''),
(204, 204, 'Leona', 'WI', 'West Bend', '53095', '52', ''),
(205, 205, 'Lora', 'MA', 'Fitchburg', '01420', '6', ''),
(206, 206, 'Ian', 'NY', 'Fresh Meadows', '11365', '58', ''),
(207, 207, 'Wallace', 'NY', 'Plainview', '11803', '3', ''),
(208, 208, 'Jean', 'MD', 'Crofton', '21114', '672', ''),
(209, 209, 'Mabel', 'WI', 'Sun Prairie', '53590', '839', ''),
(210, 210, 'Steve', 'VA', 'Hopewell', '23860', '27', ''),
(211, 211, 'Erin', 'NY', 'Hopewell Junction', '12533', '614', ''),
(212, 212, 'Alison', 'NY', 'Amsterdam', '12010', '65', ''),
(213, 213, 'Candace', 'MI', 'Taylor', '48180', '8174', ''),
(214, 214, 'Jaime', 'SC', 'Summerville', '29483', '294', ''),
(215, 215, 'Gwen', 'SD', 'Rapid City', '57701', '11', ''),
(216, 216, 'Margaret', 'FL', 'Orlando', '32806', '9141', ''),
(217, 217, 'Nicole', 'NY', 'Orchard Park', '14127', '744', ''),
(218, 218, 'Felicia', 'WA', 'Camas', '98607', '9709', ''),
(219, 219, 'Nettie', 'PA', 'Whitehall', '18052', '433', ''),
(220, 220, 'Sara', 'IL', 'Vernon Hills', '60061', '254', ''),
(221, 221, 'Jan', 'NJ', 'Fort Lee', '07024', '73', ''),
(222, 222, 'Owen', 'NJ', 'Bergenfield', '07621', '9', ''),
(223, 223, 'Willard', 'SC', 'Ladson', '29456', '383', ''),
(224, 224, 'Tiffany', 'FL', 'Fernandina Beach', '32034', '122', ''),
(225, 225, 'Vicky', 'NJ', 'Bayonne', '07002', '2', ''),
(226, 226, 'Doreen', 'ME', 'Bangor', '04401', '12', ''),
(227, 227, 'Alejandro', 'IL', 'Park Forest', '60466', '84', ''),
(228, 228, 'Pauline', 'IL', 'Elk Grove Village', '60007', '436', ''),
(229, 229, 'Maxine', 'WV', 'Morgantown', '26508', '161', ''),
(230, 230, 'Pearl', 'FL', 'Clearwater', '33756', '7576', ''),
(231, 231, 'Gustavo', 'VA', 'Fredericksburg', '22405', '8321', ''),
(232, 232, 'Archie', 'NY', 'Glen Cove', '11542', '9532', ''),
(233, 233, 'Clint', 'MN', 'Chaska', '55318', '856', ''),
(234, 234, 'Roberta', 'IL', 'Downers Grove', '60515', '7977', ''),
(235, 235, 'Brittany', 'FL', 'Tampa', '33604', '9752', ''),
(236, 236, 'Eva', 'GA', 'Athens', '30605', '70', ''),
(237, 237, 'Roosevelt', 'FL', 'Riverview', '33569', '715', ''),
(238, 238, 'Tamara', 'HI', 'Honolulu', '96815', '8161', ''),
(239, 239, 'Josephine', 'AL', 'Prattville', '36067', '88', ''),
(240, 240, 'Angelica', 'MA', 'Waltham', '02453', '550', ''),
(241, 241, 'Sheri', 'NJ', 'South Plainfield', '07080', '878', ''),
(242, 242, 'Ellis', 'NC', 'Raeford', '28376', '8889', ''),
(243, 243, 'Stacey', 'FL', 'Palm Bay', '32907', '16', ''),
(244, 244, 'Bert', 'GA', 'Lithonia', '30038', '9497', ''),
(245, 245, 'Roger', 'PA', 'Waynesboro', '17268', '557', ''),
(246, 246, 'Tommie', 'IN', 'Michigan City', '46360', '624', ''),
(247, 247, 'Claude', 'NY', 'Syosset', '11791', '850', ''),
(248, 248, 'Elbert', 'MN', 'Winona', '55987', '812', ''),
(249, 249, 'Felipe', 'WI', 'Neenah', '54956', '132', ''),
(250, 250, 'Leslie', 'FL', 'Miami Gardens', '33056', '9922', ''),
(251, 251, 'Neal', 'NC', 'Winston Salem', '27103', '80', ''),
(252, 252, 'Alton', 'MN', 'Prior Lake', '55372', '93', ''),
(253, 253, 'Cynthia', 'FL', 'Opa Locka', '33054', '9', ''),
(254, 254, 'Jill', 'PA', 'Chester', '19013', '428', ''),
(255, 255, 'April', 'NJ', 'Rockaway', '07866', '8956', ''),
(256, 256, 'Amos', 'IA', 'Des Moines', '50310', '566', ''),
(257, 257, 'Debra', 'NJ', 'West Deptford', '08096', '38', ''),
(258, 258, 'Ken', 'TX', 'Victoria', '77904', '7802', ''),
(259, 259, 'Lila', 'WI', 'Fond Du Lac', '54935', '89', ''),
(260, 260, 'Jessie', 'NC', 'Durham', '27703', '642', ''),
(261, 261, 'Dianne', 'MS', 'Hattiesburg', '39401', '7734', ''),
(262, 262, 'Jana', 'NY', 'Hollis', '11423', '47', ''),
(263, 263, 'Gabriel', 'OH', 'Strongsville', '44136', '9605', ''),
(264, 264, 'Irene', 'MI', 'Eastpointe', '48021', '25', ''),
(265, 265, 'Dawn', 'WI', 'Neenah', '54956', '7095', ''),
(266, 266, 'Latoya', 'WI', 'Neenah', '54956', '7126', ''),
(267, 267, 'Silvia', 'FL', 'Brandon', '33510', '9812', ''),
(268, 268, 'Rachel', 'KY', 'Shepherdsville', '40165', '9378', ''),
(269, 269, 'Ryan', 'CA', 'Los Angeles', '90008', '9787', ''),
(270, 270, 'Estelle', 'MD', 'Bel Air', '21014', '7908', ''),
(271, 271, 'Kristin', 'KY', 'Owensboro', '42301', '74', ''),
(272, 272, 'Lisa', 'KS', 'Emporia', '66801', '386', ''),
(273, 273, 'Preston', 'NJ', 'Livingston', '07039', '1', ''),
(274, 274, 'Shelly', 'MA', 'Westfield', '01085', '297', ''),
(275, 275, 'Joseph', 'WI', 'Beloit', '53511', '33', ''),
(276, 276, 'Lynn', 'CA', 'Banning', '92220', '16', ''),
(277, 277, 'Joanna', 'FL', 'Summerfield', '34491', '46', ''),
(278, 278, 'Alma', 'IL', 'Gurnee', '60031', '401', ''),
(279, 279, 'Dora', 'IL', 'Mundelein', '60060', '266', ''),
(280, 280, 'Casey', 'CA', 'Torrance', '90505', '2', ''),
(281, 281, 'Guadalupe', 'PA', 'Norristown', '19401', '122', ''),
(282, 282, 'Dave', 'IL', 'Bolingbrook', '60440', '9823', ''),
(283, 283, 'Abel', 'GA', 'Calhoun', '30701', '162', ''),
(284, 284, 'Lynda', 'NJ', 'Monroe Township', '08831', '97', ''),
(285, 285, 'Vanessa', 'NY', 'Franklin Square', '11010', '4', ''),
(286, 286, 'Sylvia', 'MI', 'Clarkston', '48348', '7531', ''),
(287, 287, 'Jerry', 'IA', 'Ottumwa', '52501', '969', ''),
(288, 288, 'Anna', 'IN', 'Noblesville', '46060', '839', ''),
(289, 289, 'Brandy', 'ME', 'Portland', '04103', '7157', ''),
(290, 290, 'Kelly', 'GA', 'Loganville', '30052', '945', ''),
(291, 291, 'Christine', 'GA', 'Chatsworth', '30705', '8445', ''),
(292, 292, 'Everett', 'IA', 'Muscatine', '52761', '582', ''),
(293, 293, 'Marjorie', 'TX', 'Desoto', '75115', '42', ''),
(294, 294, 'Frank', 'PA', 'Springfield', '19064', '7134', ''),
(295, 295, 'Kendra', 'SC', 'Piedmont', '29673', '9746', ''),
(296, 296, 'Malcolm', 'MN', 'Winona', '55987', '186', ''),
(297, 297, 'Domingo', 'MN', 'Moorhead', '56560', '336', ''),
(298, 298, 'Antoinette', 'MD', 'Silver Spring', '20901', '883', ''),
(299, 299, 'Kim', 'NC', 'Rocky Mount', '27804', '7417', ''),
(300, 300, 'Ron', 'FL', 'Apopka', '32703', '46', ''),
(301, 301, 'Caleb', 'CA', 'San Jose', '95127', '9156', ''),
(302, 302, 'Laura', 'MI', 'Waterford', '48329', '982', ''),
(303, 303, 'Boyd', 'MD', 'Odenton', '21113', '8643', ''),
(304, 304, 'Glenda', 'FL', 'Palm City', '34990', '7623', ''),
(305, 305, 'Arthur', 'MA', 'Holyoke', '01040', '17', ''),
(306, 306, 'Carroll', 'AL', 'Prattville', '36067', '811', ''),
(307, 307, 'Jennifer', 'RI', 'West Warwick', '02893', '9567', ''),
(308, 308, 'Bertha', 'CT', 'Glastonbury', '06033', '940', ''),
(309, 309, 'Norman', 'FL', 'Orange Park', '32065', '695', ''),
(310, 310, 'Penny', 'IA', 'Ames', '50010', '25', ''),
(311, 311, 'aaa', 'AZ', 'aaa', '11111', 'aaa', ''),
(312, 312, 'b', 'AL', 'b', '12345', 'b', ''),
(313, 313, 'b', 'AL', 'b', '12456', 'b', ''),
(314, 314, 'a', 'AL', 'San Jose', '95132', 'a', ''),
(315, 315, 'a', 'AL', 'a', '12345', 'a', ''),
(316, 316, 'a', 'AL', 'a', '123', 'a', ''),
(317, 317, '1', 'AL', 's', '124', '1', ''),
(318, 318, 'Remie', 'IA', 'Ames', '50430', '25 Avenue st.', '');

-- --------------------------------------------------------

--
-- Table structure for table `Product`
--

CREATE TABLE `Product` (
  `ProductKey` int(11) NOT NULL,
  `ProductID` int(11) NOT NULL,
  `Brand` varchar(30) NOT NULL,
  `Type` varchar(30) NOT NULL,
  `Price` int(11) NOT NULL,
  `Name` varchar(30) NOT NULL
) ENGINE=InnoDB DEFAULT CHARSET=latin1;

--
-- Dumping data for table `Product`
--

INSERT INTO `Product` (`ProductKey`, `ProductID`, `Brand`, `Type`, `Price`, `Name`) VALUES
(1, 1, 'Yonex', 'Equipment', 200, 'Racket'),
(2, 2, 'Yonex', 'Equipment', 18, 'Shuttlecock'),
(3, 3, 'Blume', 'Drink', 20, 'Honey water'),
(4, 4, 'Clif Bar', 'Food', 12, 'Energy Bar'),
(5, 5, 'Cheer', 'Equipment', 10, 'Poms'),
(6, 6, 'Cheerleading', 'Equipment', 5, 'Cardboard'),
(7, 7, 'Nike', 'Sportswear', 50, 'Shoes'),
(8, 8, 'Duece', 'Sportswear', 8, 'Wristband'),
(9, 9, 'Duece', 'Sportswear', 28, 'Hats'),
(10, 10, 'Fitbit', 'Sportswear', 18, 'FitnessBand'),
(11, 11, 'Nike', 'Equipment', 10, 'Poms'),
(12, 12, 'Yonex', 'Equipment', 40, 'Poms'),
(13, 13, 'Blume', 'Equipment', 40, 'Racket'),
(14, 14, 'CliffBar', 'Equipment', 20, 'Poms'),
(15, 15, 'Blume', 'Equipment', 10, 'Cardboard'),
(16, 16, 'Blume', 'Sportswear', 40, 'Hats'),
(17, 17, 'Fitbit', 'Sportswear', 10, 'Fitnessband'),
(18, 18, 'Prince', 'Sportswear', 20, 'Wristband'),
(19, 19, 'Prince', 'Sportswear', 20, 'Shoes'),
(20, 20, 'Fitbit', 'Sportswear', 40, 'Shoes'),
(21, 21, 'Blume', 'Sportswear', 40, 'Fitnessband'),
(22, 22, 'CliffBar', 'Sportswear', 10, 'Wristband'),
(23, 23, 'CliffBar', 'Sportswear', 20, 'Shoes'),
(24, 24, 'Wilson', 'Sportswear', 10, 'Hats'),
(25, 25, 'Nike', 'Sportswear', 20, 'Shoes'),
(26, 26, 'Blume', 'Drink', 5, 'EnergyBar'),
(27, 27, 'Blume', 'Food', 3, 'Salad'),
(28, 28, 'Blume', 'Food', 5, 'EnergyBar'),
(29, 29, 'CliffBar', 'Drink', 3, 'EnergyBar'),
(30, 30, 'CliffBar', 'Drink', 3, 'HoneyWater'),
(31, 31, 'CliffBar', 'Food', 5, 'EnergyBar'),
(32, 32, 'CliffBar', 'Food', 10, 'Salad'),
(33, 33, 'CliffBar', 'Drink', 10, 'Salad'),
(34, 34, 'CliffBar', 'Food', 10, 'HoneyWater'),
(35, 35, 'Blume', 'Drink', 5, 'Salad'),
(36, 36, 'Blume', 'Sportswear', 200, 'Wristband'),
(37, 37, 'Blume', 'Sportswear', 50, 'Wristband'),
(38, 38, 'Blume', 'Sportswear', 340, 'FitnessBand'),
(39, 39, 'Babolat', 'Sportswear', 340, 'Hats'),
(40, 40, 'CliffBar', 'Sportswear', 50, 'Shoes'),
(41, 41, 'Prince', 'Sportswear', 340, 'Hats'),
(42, 42, 'Nike', 'Sportswear', 340, 'FitnessBand'),
(43, 43, 'Prince', 'Sportswear', 50, 'Shoes'),
(44, 44, 'CliffBar', 'Sportswear', 200, 'Wristband'),
(45, 45, 'Yonex', 'Sportswear', 200, 'Shoes'),
(46, 46, 'CliffBar', 'Sportswear', 50, 'Shoes'),
(47, 47, 'Blume', 'Sportswear', 200, 'Shoes'),
(48, 48, 'Yonex', 'Sportswear', 340, 'FitnessBand'),
(49, 49, 'Yonex', 'Sportswear', 340, 'Hats'),
(50, 50, 'Blume', 'Sportswear', 50, 'FitnessBand'),
(51, 51, 'Yonex', 'Sportswear', 30, 'Jersey');

-- --------------------------------------------------------

--
-- Table structure for table `SalesFact`
--

CREATE TABLE `SalesFact` (
  `ProductKey` int(11) NOT NULL,
  `ClubKey` int(11) NOT NULL,
  `CalendarKey` int(11) NOT NULL,
  `PurchaseID` int(11) NOT NULL,
  `PurchaseQuantity` int(11) NOT NULL,
  `PlayerKey` int(11) NOT NULL
) ENGINE=InnoDB DEFAULT CHARSET=latin1;

--
-- Dumping data for table `SalesFact`
--

INSERT INTO `SalesFact` (`ProductKey`, `ClubKey`, `CalendarKey`, `PurchaseID`, `PurchaseQuantity`, `PlayerKey`) VALUES
(43, 14, 301, 65, 8, 255),
(23, 8, 302, 130, 7, 219),
(48, 9, 303, 23, 9, 23),
(16, 15, 304, 101, 8, 6),
(27, 14, 305, 293, 10, 112),
(41, 8, 306, 258, 1, 268),
(26, 7, 307, 11, 1, 166),
(9, 5, 308, 7, 3, 290),
(17, 13, 309, 295, 5, 15),
(20, 6, 310, 146, 4, 115),
(7, 5, 311, 74, 7, 264),
(42, 2, 312, 30, 1, 43),
(19, 12, 313, 54, 4, 63),
(4, 10, 314, 44, 1, 17),
(23, 9, 315, 275, 5, 204),
(20, 7, 316, 195, 2, 156),
(41, 6, 317, 169, 8, 125),
(13, 15, 318, 155, 9, 212),
(50, 10, 319, 85, 3, 233),
(43, 6, 320, 215, 2, 220),
(29, 5, 321, 202, 1, 108),
(11, 10, 322, 43, 1, 64),
(30, 13, 323, 121, 4, 254),
(11, 4, 324, 15, 9, 183),
(35, 8, 325, 230, 6, 210),
(41, 8, 326, 122, 6, 105),
(45, 3, 327, 167, 9, 91),
(5, 15, 328, 212, 3, 24),
(8, 15, 329, 197, 1, 194),
(4, 2, 330, 111, 9, 219),
(28, 12, 331, 241, 7, 176),
(25, 9, 332, 239, 3, 291),
(11, 6, 333, 152, 2, 19),
(24, 5, 334, 132, 7, 196),
(11, 12, 335, 56, 6, 144),
(32, 6, 336, 47, 8, 263),
(28, 1, 337, 95, 1, 51),
(7, 1, 338, 69, 4, 304),
(42, 12, 339, 263, 2, 133),
(8, 8, 340, 178, 10, 111),
(11, 5, 341, 250, 10, 106),
(36, 4, 342, 123, 6, 135),
(49, 11, 343, 127, 7, 220),
(24, 15, 344, 226, 1, 126),
(12, 14, 345, 220, 2, 91),
(40, 12, 346, 157, 3, 211),
(41, 7, 347, 160, 7, 141),
(40, 11, 348, 14, 1, 286),
(27, 2, 349, 98, 8, 289),
(36, 6, 350, 9, 9, 153),
(24, 8, 351, 119, 9, 27),
(50, 11, 352, 10, 2, 262),
(17, 8, 353, 37, 3, 104),
(39, 13, 354, 210, 8, 268),
(24, 11, 355, 114, 9, 159),
(38, 1, 356, 82, 10, 89),
(33, 15, 357, 71, 9, 53),
(27, 13, 358, 254, 1, 19),
(20, 2, 359, 105, 9, 55),
(37, 9, 360, 267, 1, 184),
(3, 5, 361, 188, 2, 292),
(34, 1, 362, 161, 2, 102),
(8, 4, 363, 49, 6, 223),
(20, 12, 364, 67, 8, 264),
(7, 1, 365, 86, 9, 258),
(26, 12, 366, 222, 2, 207),
(29, 14, 367, 253, 1, 60),
(12, 5, 368, 273, 7, 95),
(9, 14, 369, 8, 1, 207),
(21, 1, 370, 261, 8, 12),
(31, 11, 371, 277, 10, 168),
(33, 3, 372, 63, 2, 245),
(10, 3, 373, 151, 4, 156),
(48, 5, 374, 140, 2, 143),
(10, 10, 375, 97, 8, 137),
(27, 8, 376, 177, 2, 305),
(30, 5, 377, 36, 5, 62),
(21, 2, 378, 70, 5, 218),
(17, 10, 379, 103, 8, 182),
(32, 1, 380, 75, 4, 16),
(4, 9, 381, 68, 4, 298),
(33, 7, 382, 276, 4, 28),
(38, 2, 383, 33, 5, 168),
(18, 12, 384, 125, 4, 182),
(48, 9, 385, 64, 7, 182),
(50, 14, 386, 182, 3, 146),
(13, 10, 387, 288, 10, 283),
(30, 12, 388, 80, 8, 111),
(1, 7, 389, 83, 2, 53),
(37, 1, 390, 128, 2, 133),
(27, 2, 391, 144, 6, 189),
(9, 14, 392, 57, 3, 154),
(43, 9, 393, 150, 8, 108),
(39, 14, 394, 42, 1, 84),
(19, 10, 395, 96, 7, 201),
(33, 11, 396, 154, 3, 265),
(19, 4, 397, 231, 7, 57),
(48, 2, 398, 243, 5, 26),
(24, 14, 399, 170, 9, 39),
(5, 12, 400, 131, 3, 103),
(15, 10, 401, 255, 10, 81),
(14, 11, 402, 94, 10, 298),
(7, 4, 403, 50, 10, 213),
(40, 14, 404, 274, 5, 306),
(32, 1, 405, 166, 6, 115),
(12, 7, 406, 174, 4, 71),
(31, 1, 407, 116, 8, 77),
(36, 5, 408, 100, 2, 236),
(21, 10, 409, 187, 8, 187),
(36, 5, 410, 218, 7, 10),
(45, 12, 411, 93, 10, 257),
(14, 12, 412, 66, 10, 54),
(31, 12, 413, 32, 7, 227),
(44, 11, 414, 282, 6, 56),
(46, 8, 415, 235, 5, 291),
(14, 6, 416, 120, 1, 162),
(7, 3, 417, 91, 8, 206),
(21, 6, 418, 256, 2, 251),
(12, 6, 419, 92, 10, 291),
(15, 13, 420, 192, 5, 82),
(37, 6, 421, 89, 9, 295),
(36, 8, 422, 242, 5, 225),
(45, 3, 423, 259, 7, 305),
(20, 3, 424, 238, 3, 89),
(37, 1, 425, 234, 7, 17),
(37, 1, 426, 108, 1, 127),
(29, 14, 427, 12, 1, 180),
(36, 7, 428, 225, 2, 9),
(47, 13, 429, 20, 6, 31),
(44, 9, 430, 236, 2, 150),
(11, 2, 431, 298, 7, 129),
(17, 7, 432, 300, 7, 251),
(42, 5, 433, 60, 7, 58),
(47, 9, 434, 1, 4, 241),
(12, 2, 435, 145, 1, 129),
(27, 10, 436, 19, 1, 178),
(13, 9, 437, 180, 5, 157),
(17, 8, 438, 294, 1, 52),
(15, 1, 439, 168, 8, 292),
(47, 2, 440, 5, 10, 152),
(45, 1, 441, 29, 9, 98),
(1, 6, 442, 260, 5, 232),
(43, 2, 443, 270, 9, 95),
(33, 5, 444, 162, 9, 223),
(45, 3, 445, 247, 4, 258),
(34, 5, 446, 61, 1, 48),
(47, 4, 447, 142, 4, 12),
(27, 6, 448, 287, 7, 256),
(13, 14, 449, 175, 4, 237),
(25, 10, 450, 21, 7, 172),
(29, 7, 451, 284, 1, 88),
(17, 15, 452, 240, 3, 184),
(11, 3, 453, 115, 6, 235),
(42, 9, 454, 299, 8, 295),
(15, 12, 455, 126, 8, 230),
(22, 13, 456, 6, 1, 148),
(31, 3, 457, 26, 8, 285),
(31, 9, 458, 204, 3, 9),
(13, 5, 459, 3, 6, 114),
(19, 7, 460, 45, 3, 297),
(17, 6, 461, 286, 3, 213),
(49, 5, 462, 186, 9, 22),
(36, 2, 463, 228, 9, 148),
(6, 1, 464, 283, 4, 146),
(15, 14, 465, 196, 2, 75),
(37, 12, 466, 251, 4, 226),
(21, 6, 467, 268, 2, 192),
(21, 5, 468, 138, 4, 94),
(29, 12, 469, 81, 3, 15),
(13, 12, 470, 133, 3, 71),
(40, 6, 471, 265, 3, 268),
(25, 8, 472, 223, 9, 298),
(30, 6, 473, 141, 3, 10),
(31, 12, 474, 246, 9, 107),
(1, 12, 475, 269, 1, 95),
(11, 10, 476, 51, 8, 194),
(13, 11, 477, 189, 7, 94),
(21, 2, 478, 149, 6, 176),
(43, 14, 479, 237, 5, 228),
(43, 14, 480, 285, 3, 33),
(32, 9, 481, 4, 1, 59),
(49, 7, 482, 292, 4, 310),
(39, 6, 483, 110, 10, 298),
(5, 7, 484, 38, 9, 58),
(15, 5, 485, 143, 8, 280),
(7, 3, 486, 183, 10, 161),
(19, 12, 487, 2, 5, 245),
(45, 13, 488, 224, 8, 40),
(31, 2, 489, 279, 3, 191),
(2, 5, 490, 87, 10, 21),
(46, 7, 491, 198, 6, 254),
(40, 14, 492, 179, 8, 191),
(42, 8, 493, 245, 7, 282),
(28, 7, 494, 16, 8, 83),
(50, 14, 495, 291, 1, 117),
(46, 13, 496, 208, 10, 247),
(2, 6, 497, 55, 4, 212),
(33, 7, 498, 281, 5, 100),
(15, 1, 499, 73, 9, 77),
(18, 11, 500, 216, 2, 302),
(8, 8, 501, 158, 1, 256),
(16, 11, 502, 203, 3, 297),
(14, 9, 503, 13, 2, 217),
(7, 6, 504, 41, 7, 282),
(40, 9, 505, 107, 1, 189),
(22, 5, 506, 194, 8, 242),
(46, 9, 507, 163, 7, 298),
(23, 9, 508, 153, 2, 69),
(26, 1, 509, 244, 3, 93),
(30, 13, 510, 25, 4, 279),
(34, 9, 511, 257, 5, 131),
(20, 12, 512, 272, 3, 235),
(35, 6, 513, 193, 6, 6),
(33, 9, 514, 200, 10, 188),
(16, 12, 515, 297, 4, 172),
(42, 4, 516, 48, 3, 194),
(16, 8, 517, 112, 8, 202),
(1, 15, 518, 139, 4, 61),
(4, 2, 519, 184, 6, 250),
(12, 13, 520, 229, 1, 53),
(27, 7, 521, 22, 2, 22),
(33, 3, 522, 102, 6, 89),
(9, 5, 523, 53, 5, 227),
(42, 15, 524, 17, 1, 68),
(18, 3, 525, 217, 10, 82),
(29, 1, 526, 173, 1, 299),
(33, 5, 527, 59, 2, 183),
(20, 3, 528, 191, 8, 182),
(2, 9, 529, 28, 7, 288),
(4, 10, 530, 58, 4, 226),
(29, 12, 531, 27, 6, 113),
(13, 10, 532, 211, 9, 195),
(15, 8, 533, 35, 6, 4),
(42, 6, 534, 221, 10, 214),
(28, 9, 535, 76, 1, 30),
(27, 4, 536, 52, 3, 130),
(38, 3, 537, 205, 9, 20),
(2, 2, 538, 264, 10, 137),
(7, 10, 539, 77, 1, 215),
(5, 3, 540, 113, 4, 6),
(45, 13, 541, 136, 7, 185),
(25, 12, 542, 262, 10, 252),
(44, 11, 543, 233, 1, 167),
(19, 9, 544, 190, 2, 107),
(14, 6, 545, 227, 6, 91),
(27, 14, 546, 34, 8, 95),
(11, 6, 547, 104, 6, 218),
(44, 11, 548, 79, 10, 154),
(26, 13, 549, 46, 4, 199),
(26, 14, 550, 62, 8, 73),
(7, 11, 551, 171, 8, 305),
(38, 3, 552, 147, 8, 186),
(24, 5, 553, 106, 9, 11),
(10, 10, 554, 159, 1, 220),
(34, 7, 555, 31, 6, 20),
(3, 1, 556, 165, 10, 147),
(28, 12, 557, 296, 5, 23),
(47, 8, 558, 109, 8, 52),
(14, 7, 559, 72, 3, 170),
(23, 10, 560, 176, 2, 156),
(2, 6, 561, 99, 9, 214),
(50, 12, 562, 24, 3, 194),
(7, 2, 563, 219, 5, 263),
(26, 11, 564, 124, 10, 209),
(24, 8, 565, 148, 7, 203),
(50, 15, 566, 156, 8, 304),
(31, 10, 567, 290, 2, 40),
(48, 11, 568, 18, 2, 78),
(20, 4, 569, 90, 9, 2),
(10, 2, 570, 271, 6, 127),
(23, 14, 571, 209, 8, 18),
(46, 11, 572, 201, 4, 62),
(35, 10, 573, 88, 8, 115),
(29, 2, 574, 164, 5, 224),
(41, 12, 575, 84, 8, 282),
(20, 13, 576, 39, 10, 6),
(19, 8, 577, 248, 8, 300),
(32, 10, 578, 249, 2, 133),
(10, 11, 579, 232, 9, 157),
(29, 15, 580, 278, 10, 56),
(15, 7, 581, 117, 6, 173),
(15, 7, 582, 40, 3, 9),
(8, 7, 583, 129, 3, 84),
(16, 6, 584, 280, 8, 32),
(2, 2, 585, 199, 7, 252),
(28, 2, 586, 252, 2, 232),
(14, 8, 587, 214, 6, 44),
(33, 9, 588, 206, 5, 174),
(14, 4, 589, 137, 10, 135),
(44, 9, 590, 266, 8, 32),
(28, 11, 591, 78, 3, 192),
(23, 6, 592, 207, 4, 109),
(40, 12, 593, 118, 3, 134),
(47, 1, 594, 134, 9, 72),
(6, 2, 595, 185, 9, 274),
(7, 13, 596, 289, 7, 64),
(5, 4, 597, 172, 7, 63),
(36, 12, 598, 213, 3, 106),
(2, 9, 599, 135, 6, 17),
(4, 6, 600, 181, 5, 217),
(6, 5, 602, 301, 5, 29);

--
-- Indexes for dumped tables
--

--
-- Indexes for table `Calendar`
--
ALTER TABLE `Calendar`
  ADD PRIMARY KEY (`CalendarKey`);

--
-- Indexes for table `Club`
--
ALTER TABLE `Club`
  ADD PRIMARY KEY (`ClubKey`);

--
-- Indexes for table `Court`
--
ALTER TABLE `Court`
  ADD PRIMARY KEY (`CourtKey`);

--
-- Indexes for table `Player`
--
ALTER TABLE `Player`
  ADD PRIMARY KEY (`PlayerKey`);

--
-- Indexes for table `Product`
--
ALTER TABLE `Product`
  ADD PRIMARY KEY (`ProductKey`);

/*!40101 SET CHARACTER_SET_CLIENT=@OLD_CHARACTER_SET_CLIENT */;
/*!40101 SET CHARACTER_SET_RESULTS=@OLD_CHARACTER_SET_RESULTS */;
/*!40101 SET COLLATION_CONNECTION=@OLD_COLLATION_CONNECTION */;
